citation,taxonomy,key,clause_id,clause_name,label,provenance,case_desc,contract_id,contract_file,source_lines,source_span,clause_text,anchor_score,opinion_comment
226 F.Supp.3d 743,2.2,k143.5,pos1,Section 1(g) — Definition of Validation Date,POSITIVE,step 1 — construed by the court,Medical Components (Medcomp)/Martech v. Osiris Medical and Raul Garcia — dispute over a patent license agreement's minimum royalty term (Validation Date vs. three-year term from Effective Date) and whether a general discretionary clause negated the express best-efforts covenant.,226FSupp3d743_exhibit_b,output/contracts/226FSupp3d743_exhibit_b.md,19-19,1133-1549,"(g) ""Validation Date"" shall refer to the earlier of the following: (i) the date that validated and verified parts are supplied to Licensee from its manufacturer and those parts are accepted by Licensee to meet all drawing specifications provided to the manufacturer from Licensee, with Licensee to have no more than thirty (30) days to review and accept or reject parts after being so supplied; or (ii) June 1, 2012.",1.0,"As previously noted, the PLA defines both the Effective Date and Validation Date. PLA 1. On one hand, the Effective Date began when Medcomp and Osiris signed the PLA, which occurred on December 20, 2011. See id. at 1, 10. On the other hand, the Validation Date was either: (1) the date in which Medcomp received validated and verified parts or (2) June 1, 2012. Id. at 1. Neither Medcomp nor Osiris have presented any evidence to the Court that they seek to invoke the first of two Validation Dates. Accordingly, the Court turns to the latter date of June 1, 2012— which is almost six months after the Effective Date—in order to give the Validation Date effect. See Forbau, 876 S.W.2d at 133. Notably, Employee Cellini acknowledges that the royalty payments would commence the “seventh 'month” after the Effective Date. See Resp. Ex. 2, at ¶ 12. Employee Cellini’s suggestion substantiates the notion that the Validation Date is June 1, 2012. See id. Indeed, Osiris states that “Medcomp made the correct contract payments for the first 23 months commencing [on] July 20, 2012.” See Resp. 6-7 (emphasis added).
Thus, the PLA’s First Year is the “period from the Validation Date [of June 1, 2012,] to the last day of the month falling 12 months after the Validation Date.” PLA 1. Likewise, the PLA’s Second and Third Years did not begin until twenty-four and thirty-six months, respectively, after the Validation Date. Id. at 1-2.
Despite these Minimum-Royalty-Provision obligations, the PLA expressly outlines that it terminates “all rights and obligations” three years after the Effective Date of December 2011. See PLA 5 (emphasis added). A plain reading of the PLA establishes that the PLA ceased on December 2014, which terminated “all rights and obligations” of the Minimum Royalty Provision. See id. (ernphasis added). Because Medcomp had no obligation to comply with the Minimum Royalty Provision after the Termination Date, Medcomp is entitled to summary judgment on this cause of action."
226 F.Supp.3d 743,2.2,k143.5,pos2,Section 1(h) — Definition of First Year,POSITIVE,step 1 — construed by the court,Medical Components (Medcomp)/Martech v. Osiris Medical and Raul Garcia — dispute over a patent license agreement's minimum royalty term (Validation Date vs. three-year term from Effective Date) and whether a general discretionary clause negated the express best-efforts covenant.,226FSupp3d743_exhibit_b,output/contracts/226FSupp3d743_exhibit_b.md,21-21,1551-1690,"(h) ""First Year"" shall refer to a period from the Validation Date to the last day of the month falling 12 months after the Validation Date.",1.0,"As previously noted, the PLA defines both the Effective Date and Validation Date. PLA 1. On one hand, the Effective Date began when Medcomp and Osiris signed the PLA, which occurred on December 20, 2011. See id. at 1, 10. On the other hand, the Validation Date was either: (1) the date in which Medcomp received validated and verified parts or (2) June 1, 2012. Id. at 1. Neither Medcomp nor Osiris have presented any evidence to the Court that they seek to invoke the first of two Validation Dates. Accordingly, the Court turns to the latter date of June 1, 2012— which is almost six months after the Effective Date—in order to give the Validation Date effect. See Forbau, 876 S.W.2d at 133. Notably, Employee Cellini acknowledges that the royalty payments would commence the “seventh 'month” after the Effective Date. See Resp. Ex. 2, at ¶ 12. Employee Cellini’s suggestion substantiates the notion that the Validation Date is June 1, 2012. See id. Indeed, Osiris states that “Medcomp made the correct contract payments for the first 23 months commencing [on] July 20, 2012.” See Resp. 6-7 (emphasis added).
Thus, the PLA’s First Year is the “period from the Validation Date [of June 1, 2012,] to the last day of the month falling 12 months after the Validation Date.” PLA 1. Likewise, the PLA’s Second and Third Years did not begin until twenty-four and thirty-six months, respectively, after the Validation Date. Id. at 1-2.
Despite these Minimum-Royalty-Provision obligations, the PLA expressly outlines that it terminates “all rights and obligations” three years after the Effective Date of December 2011. See PLA 5 (emphasis added). A plain reading of the PLA establishes that the PLA ceased on December 2014, which terminated “all rights and obligations” of the Minimum Royalty Provision. See id. (ernphasis added). Because Medcomp had no obligation to comply with the Minimum Royalty Provision after the Termination Date, Medcomp is entitled to summary judgment on this cause of action."
226 F.Supp.3d 743,2.2,k143.5,pos3,Section 2(d) — Monthly Minimum Royalty Payments,POSITIVE,step 1 — construed by the court,Medical Components (Medcomp)/Martech v. Osiris Medical and Raul Garcia — dispute over a patent license agreement's minimum royalty term (Validation Date vs. three-year term from Effective Date) and whether a general discretionary clause negated the express best-efforts covenant.,226FSupp3d743_exhibit_b,output/contracts/226FSupp3d743_exhibit_b.md,41-41,2605-2900,"(d) Licensee shall pay Licensors within 10 days after the end of the previous month the following: \$16,313 each month for each of the 12 months of the First Year, \$19,031 each month for each the 12 months of the Second Year, and \$23,562 each month for each of the 12 months of the Third Year.",1.0,"Medcomp and Osiris agree that the PLA includes a three-year Minimum Royalty Provision. See Mot. 9; Resp. 7. The parties disagree, however, whether the Minimum Royalty Provision would extend beyond the Termination Date.
Medcomp argues that the PLAs duration was from December 2011 to December 2014. Mot. 9. Therefore, Medcomp argues that it was not obligated to continue paying minimum royalties past the December 2014 Termination Date. See id. While Medcomp acknowledges that the Minimum Royalty Provision was set to last three years, the Minimum Royalty Provision did not take effect until six months later on June 2012—the Validation Date. Id. Therefore, Medcomp contends that the Minimum Royalty Provision expired contemporaneously with the PLA. Id.
Osiris counters that the Minimum Royalty Provision was always set for thirty-six months and not the thirty months Med-comp now argues is applicable. Resp. 7. In essence, Osiris argues that the Minimum Royalty Provision was to continue beyond the length of the PLA. See id. To bolster its argument, Osiris próvides an affidavit from Medcomp’s former Vice-President of Sales Michael Cellini (“Employee Cellini”). Resp. Ex. 2, at ¶3. Employee Cellini’s affidavit purportedly supports Osiris’s theory that the parties always intended that the Minimum Royalty Provision would have a thirty-six-month term rather than a thirty-month term. Resp. 11.
1. PLA Term
It is well settled that “[e]ach part of the contract should be given effect.” Forbau v. Aetna Life Ins. Co., 876 S.W.2d 132, 133 (Tex. 1994). “Contracting parties are free to structure their contractual undertaking and allocate risk as they see fit.” El Paso Field Servs., LP v. MasTec N. Am., Inc., 389 S.W.3d 802, 811-12 (Tex. 2012). “The role of courts is not to protect parties from their own agreements, but to enforce contracts that parties enter into freely and voluntarily.” Id. at 810-11.
As previously noted, the PLA defines both the Effective Date and Validation Date. PLA 1. On one hand, the Effective Date began when Medcomp and Osiris signed the PLA, which occurred on December 20, 2011. See id. at 1, 10. On the other hand, the Validation Date was either: (1) the date in which Medcomp received validated and verified parts or (2) June 1, 2012. Id. at 1. Neither Medcomp nor Osiris have presented any evidence to the Court that they seek to invoke the first of two Validation Dates. Accordingly, the Court turns to the latter date of June 1, 2012— which is almost six months after the Effective Date—in order to give the Validation Date effect. See Forbau, 876 S.W.2d at 133. Notably, Employee Cellini acknowledges that the royalty payments would commence the “seventh 'month” after the Effective Date. See Resp. Ex. 2, at ¶ 12. Employee Cellini’s suggestion substantiates the notion that the Validation Date is June 1, 2012. See id. Indeed, Osiris states that “Medcomp made the correct contract payments for the first 23 months commencing [on] July 20, 2012.” See Resp. 6-7 (emphasis added).
Thus, the PLA’s First Year is the “period from the Validation Date [of June 1, 2012,] to the last day of the month falling 12 months after the Validation Date.” PLA 1. Likewise, the PLA’s Second and Third Years did not begin until twenty-four and thirty-six months, respectively, after the Validation Date. Id. at 1-2.
Despite these Minimum-Royalty-Provision obligations, the PLA expressly outlines that it terminates “all rights and obligations” three years after the Effective Date of December 2011. See PLA 5 (emphasis added). A plain reading of the PLA establishes that the PLA ceased on December 2014, which terminated “all rights and obligations” of the Minimum Royalty Provision. See id. (ernphasis added). Because Medcomp had no obligation to comply with the Minimum Royalty Provision after the Termination Date, Medcomp is entitled to summary judgment on this cause of action."
226 F.Supp.3d 743,2.2,k143.5,pos4,Section 9(b) — Termination of All Rights and Obligations,POSITIVE,step 1 — construed by the court,Medical Components (Medcomp)/Martech v. Osiris Medical and Raul Garcia — dispute over a patent license agreement's minimum royalty term (Validation Date vs. three-year term from Effective Date) and whether a general discretionary clause negated the express best-efforts covenant.,226FSupp3d743_exhibit_b,output/contracts/226FSupp3d743_exhibit_b.md,121-121,9619-9999,"(b) Upon termination of this Agreement for any reason, all rights and obligations set forth in this Agreement have terminated, although all Products purchased by Licensee under the terms of this Agreement before termination, and for which royalty payment has been timely made to Licensors, can still be sold, advertised, or distributed by Licensee with no restrictions whatsoever.",1.0,"Despite these Minimum-Royalty-Provision obligations, the PLA expressly outlines that it terminates “all rights and obligations” three years after the Effective Date of December 2011. See PLA 5 (emphasis added). A plain reading of the PLA establishes that the PLA ceased on December 2014, which terminated “all rights and obligations” of the Minimum Royalty Provision. See id. (ernphasis added). Because Medcomp had no obligation to comply with the Minimum Royalty Provision after the Termination Date, Medcomp is entitled to summary judgment on this cause of action."
226 F.Supp.3d 743,2.2,k143.5,pos5,Section 9(a) — Three-Year Term,POSITIVE,step 1 — construed by the court,Medical Components (Medcomp)/Martech v. Osiris Medical and Raul Garcia — dispute over a patent license agreement's minimum royalty term (Validation Date vs. three-year term from Effective Date) and whether a general discretionary clause negated the express best-efforts covenant.,226FSupp3d743_exhibit_b,output/contracts/226FSupp3d743_exhibit_b.md,119-119,9537-9617,(a) The term of this Agreement shall be three (3) years from the Effective Date.,1.0,"Medcomp and Osiris agree that the PLA includes a three-year Minimum Royalty Provision. See Mot. 9; Resp. 7. The parties disagree, however, whether the Minimum Royalty Provision would extend beyond the Termination Date.
Medcomp argues that the PLAs duration was from December 2011 to December 2014. Mot. 9. Therefore, Medcomp argues that it was not obligated to continue paying minimum royalties past the December 2014 Termination Date. See id. While Medcomp acknowledges that the Minimum Royalty Provision was set to last three years, the Minimum Royalty Provision did not take effect until six months later on June 2012—the Validation Date. Id. Therefore, Medcomp contends that the Minimum Royalty Provision expired contemporaneously with the PLA. Id.
Osiris counters that the Minimum Royalty Provision was always set for thirty-six months and not the thirty months Med-comp now argues is applicable. Resp. 7. In essence, Osiris argues that the Minimum Royalty Provision was to continue beyond the length of the PLA. See id. To bolster its argument, Osiris próvides an affidavit from Medcomp’s former Vice-President of Sales Michael Cellini (“Employee Cellini”). Resp. Ex. 2, at ¶3. Employee Cellini’s affidavit purportedly supports Osiris’s theory that the parties always intended that the Minimum Royalty Provision would have a thirty-six-month term rather than a thirty-month term. Resp. 11.
1. PLA Term
It is well settled that “[e]ach part of the contract should be given effect.” Forbau v. Aetna Life Ins. Co., 876 S.W.2d 132, 133 (Tex. 1994). “Contracting parties are free to structure their contractual undertaking and allocate risk as they see fit.” El Paso Field Servs., LP v. MasTec N. Am., Inc., 389 S.W.3d 802, 811-12 (Tex. 2012). “The role of courts is not to protect parties from their own agreements, but to enforce contracts that parties enter into freely and voluntarily.” Id. at 810-11.
As previously noted, the PLA defines both the Effective Date and Validation Date. PLA 1. On one hand, the Effective Date began when Medcomp and Osiris signed the PLA, which occurred on December 20, 2011. See id. at 1, 10. On the other hand, the Validation Date was either: (1) the date in which Medcomp received validated and verified parts or (2) June 1, 2012. Id. at 1. Neither Medcomp nor Osiris have presented any evidence to the Court that they seek to invoke the first of two Validation Dates. Accordingly, the Court turns to the latter date of June 1, 2012— which is almost six months after the Effective Date—in order to give the Validation Date effect. See Forbau, 876 S.W.2d at 133. Notably, Employee Cellini acknowledges that the royalty payments would commence the “seventh 'month” after the Effective Date. See Resp. Ex. 2, at ¶ 12. Employee Cellini’s suggestion substantiates the notion that the Validation Date is June 1, 2012. See id. Indeed, Osiris states that “Medcomp made the correct contract payments for the first 23 months commencing [on] July 20, 2012.” See Resp. 6-7 (emphasis added).
Thus, the PLA’s First Year is the “period from the Validation Date [of June 1, 2012,] to the last day of the month falling 12 months after the Validation Date.” PLA 1. Likewise, the PLA’s Second and Third Years did not begin until twenty-four and thirty-six months, respectively, after the Validation Date. Id. at 1-2.
Despite these Minimum-Royalty-Provision obligations, the PLA expressly outlines that it terminates “all rights and obligations” three years after the Effective Date of December 2011. See PLA 5 (emphasis added). A plain reading of the PLA establishes that the PLA ceased on December 2014, which terminated “all rights and obligations” of the Minimum Royalty Provision. See id. (ernphasis added). Because Medcomp had no obligation to comply with the Minimum Royalty Provision after the Termination Date, Medcomp is entitled to summary judgment on this cause of action."
226 F.Supp.3d 743,2.2,k143.5,pos6,Section 13 — Entire Agreement (Integration Clause),POSITIVE,step 1 — construed by the court,Medical Components (Medcomp)/Martech v. Osiris Medical and Raul Garcia — dispute over a patent license agreement's minimum royalty term (Validation Date vs. three-year term from Effective Date) and whether a general discretionary clause negated the express best-efforts covenant.,226FSupp3d743_exhibit_b,output/contracts/226FSupp3d743_exhibit_b.md,149-149,11311-11698,"This Agreement represents the entire, final, and integrated agreement between the Licenser and Licensee as of the Effective Date. This Agreement can only be modified by the mutual agreement of both the Licenser and Licensee in writing. If any section of this Agreement is found to be unenforceable by a court of law, all remaining sections of this Agreement remain valid and enforceable.",1.0,"2. Integration Clause
Despite the plain language of the PLA regarding its duration, Osiris contends that Employee Cellini’s affidavit raises a factual dispute about the intent of the parties regarding the duration of the PLA. Resp. 11. When interpreting a contract, the Court must determine the parties’ intentions as expressed, in the instrument. See Coker v. Coker, 650 S.W.2d 391, 393 (Tex. 1983). The Court must ascertain that intent from the agreement itself and not from the parties’ present interpretation. See Americo Life, Inc. v. Myer, 440 S.W.3d 18, 22 (Tex. 2014). The Court must construe the written contract “to give effect to the parties’ intent expressed in the text as understood in light of the facts and circumstances surrounding the contract’s execution, subject to the limitations of the parol-evidence rule.” See id.
An “integration clause” is a contractual provision that prevents the inclusion of prior agreements because all such understandings have been merged into the written document. See Italian Cowboy Partners, Ltd. v. Prudential Ins. Co. of Am., 341 S.W.3d 323, 335 (Tex. 2011) (noting that an integration clause limits the evidence available “should a dispute arise over the meaning of the contract”). A party may not introduce parol evidence to vary, add to, or contradict the terms of an unambiguous contract. Brannon v. Gulf States Energy Corp., 562 S.W.2d 219, 222 (Tex. 1977). “When interpreting an integrated writing, the parol-evidence rule precludes considering evidence that would render a contract ambiguous when the document, on its face, is capable of a definite legal meaning.” Id. Still, the parol-evidence rule does not prohibit the Court from “considering surrounding facts and circumstances that inform the contract text and render it capable of only one meaning,” See id.
Here, the PLA contains an integration clause. See PLA 6. Indeed, Osiris concedes that one exists. See Def. Osiris Medical, Incfs Mot. to Dismiss PI. Medical Component, Inc/s Counterclaim for Failure to Comply with Scheduling Order (ECF 36) and for Failure to State a Claim ...” 8, May 4, 2016, ECF No. 72 (noting that the “PLA contains an integration clause at paragraph 13”).
Yet, Osiris suggests that Employee Cellini’s affidavit raises a factual dispute regarding the contracting parties’ intentions. Normally, the parol evidence rule has no bearing on third parties, also known as strangers to the contract. See Excel Willowbrook, LLC v. JP Morgan Chase Bank, Nat. Ass’n, 758 F.3d 592, 600 n.19 (5th Cir. 2014) (“The. parol evidence rule ... extends only to parties to the written instrument, those in privity with such a party or one who claims a right or .benefit under the contract; the rule is inapplicable to situations where one of the litigants is a stranger to the agreement.” (emphasis omitted) (quotation omitted)). As an employee for Medcomp at the time of the Effective Date, Employee Cellini is not a stranger to the contract; thus the parol evidence rule applies with equal force to him. See Cowan v. Rodgers, No. 05-92-01443-CV, 1993 WL 220336, at *2 (Tex. App.-Dallas June 23, 1993, writ denied) (“Texas courts consider an employee’s or agent’s acts to be the acts of the employer itself and do not treat an employee or agent as third-party stranger to the contract.”).
Nevertheless, under Texas law, any alleged agreements or understandings not contained in the PLA are barred by the parol evidence rule. See Jack H. Brown & Co. v. Toys “R” Us, Inc., 906 F.2d 169, 174 (5th Cir. 1990). Only where the Court first determines that a contract is ambiguous may the Court consider the parties’ interpretation, and admit extraneous evidence to determine the true meaning of the instrument. See Constitution State Ins. Co. v. Iso-Tex Inc., 61 F.3d 405, 408 (5th Cir. 1995). The Court concludes that the Validation Date and duration of the PLA are unambiguous. The PLA expressly sets forth the Validation Date of June 1, 2012, and the duration of three years from the Effective Date. See supra Section III.A.1. Above all, the PLA explicitly provides that the PLA will terminate “all rights and obligations” on December 20, 2014, including any obligations pursuant to the Minimum Royalty Provision. See PLA 6.
Accordingly, the Court declines to consider the parol evidence of Employee Cellini’s affidavit in interpreting what either party understood regarding the PLA terms given its determination that the PLA is unambiguous."
226 F.Supp.3d 743,2.2,k143.5,pos7,Section 2(i) — Best Efforts,POSITIVE,step 1 — construed by the court,Medical Components (Medcomp)/Martech v. Osiris Medical and Raul Garcia — dispute over a patent license agreement's minimum royalty term (Validation Date vs. three-year term from Effective Date) and whether a general discretionary clause negated the express best-efforts covenant.,226FSupp3d743_exhibit_b,output/contracts/226FSupp3d743_exhibit_b.md,57-57,4329-4422,"(i) Licensee shall use good faith, best efforts to market and sell all Products manufactured.",1.0,"Pursuant to Texas law, a “best efforts” provision of a contract is enforceable if it provides an objective and specific goal against which a party’s efforts can be measured. CKB & Assocs., Inc. v. Moore McCormack Petroleum, Inc., 809 S.W.2d 577, 581 (Tex. App.-Dallas 1991, writ denied) (“[T]o be enforceable, a best efforts contract must set some kind of goal or guideline against which best efforts may be measured.”); Kevin v. M. Ehringer Enters., Inc. v. McData Servs. Corp., 646 F.3d 321, 326 (5th Cir; 2011) (“[The Fifth Circuit has] recognized that CRB & Associates ... is-instructive on the issue of how to interpret a ‘best efforts’ clause in a contract in Texas”); Herrmann Holdings Ltd. v. Lucent Techs. Inc., 302 F.3d 552, 559 (5th Cir. 2002).
Once the goal or guideline is identified, “the next inquiry is whether the party met the goal. If the answer is yes, the analysis ends and whether the party used its ‘best efforts’ is irrelevant.” Herrmann Holdings, 302 F.3d at 559. “If, however, the goal is not met, it becomes necessary to measure the party’s efforts ‘by the circumstances of the case and by comparing the party’s performance with that of an average, prudent, comparable operator.’” Id. (quoting CRB & Assocs., 809 S.W.2d at 582). “Whether a contractual best efforts obligation has been met or fulfilled is usually a question of fact because it is heavily dependent upon the particular circumstances of the case.” DaimlerChrysler Motors Co., LLC v. Manuel, 362 S.W.3d 160, 174 (Tex. App.-Ft. Worth 2012, no pet. h.)(emphasis added).
The Court has previously found that the PLA outlines objective goals. See Order Granting Pis.’ Mot. to Dismiss Countercls. 16-17, Mar. 4, 2016, ECF No. 40 (finding that the PLA “provides objective goals and guidelines”).
Therefore, the next inquiry is whether Medcomp manufactured the following amounts of ’398 Patent Needles: 226,000, in Year One, 262,500 in Year Two and 325,000 in Year Three. PLA 2; see also Herrmann Holdings, 302 F.3d at 559.
Medcomp concedes that it did not meet the PLA benchmarks. See Resp. Ex. A, at 116 [hereinafter “Schweikert Deposition”]. Osiris President Tim Schweikert indicated that Medcomp only manufactured 100,-000 ’398 Patent Needles in Year Three. Schweikert Deposition 116. Medcomp counters that the PLA “contains no promise” that it would manufacture any amount of the ’398 Patent Needles. Mot. 4. Med-comp’s statement belies the express language of the PLA: “[Medcomp] projects to manufacture at least 225,000 units in the Product in the First Year, and 262,500 units of the Product in the Second Year, and 325,000 units of the Product in the Third Year.” PLA 2 (emphasis added).
Because Medcomp failed to meet the benchmarks, “it becomes necessary to measure the party’s efforts ‘by the circumstances of the case and by comparing the party’s performance with that of an average, prudent, comparable operator.’” See Herrmann Holdings, 302 F.3d at 559 (quoting CKB & Assocs., 809 S.W.2d at 582).
The Court finds that a factual dispute emerges regarding whether Medcomp used its best efforts when compared to that of a prudent operator. See id. Initially, Osiris introduced Medcomp to Integra Biomedical—a company that Garcia allegedly vouched had the capacity to make Huber needles. Schweikert Dep. 147. Notwithstanding the introduction, Medcomp contends that Integra Biomedical “never produced a commercially saleable” ’398 Patent Needle. See Mot. 5; see also Schweikert Dep. 39-40. Despite Integra Biomedicars purportedly shoddy design, Medcomp avers it “did not sit on its hands.” Mot. 5. According to Medcomp, it and Martech worked with Integra Biomedical to improve the ’398 Patent Needle, See Mot. Ex. E. After Integra Biomedical continued to produce subpar ’398 Patent Needles, Medcomp resorted to seeking assistance from Martech to produce 100,000 units. See Schweikert Dep. 116-21.
A fact-finder must answer the following: whether an “average, prudent, comparable operator” would have, inter alia, continued to work with Integra Biomedical after it produced subpar ’398 Patent Needles? Were the Integra Biomedical ’398 Patent Needles, in fact, subpar? Should Medcomp have sought another manufacturer sooner? Was it reasonable for Medcomp to rely on Osiris’s recommendation of using Integra Biomedical as a manufacturer? The foregoing constitutes a sampling of pertinent questions that the fact-finder must answer to determine whether Medcomp breached the Best Efforts Provision.
As a result, the Court will deny Med-comp’s Motion because this claim presents a genuine factual issue, which can only be resolved by a fact-finder. See Anderson, 477 U.S. at 250, 106 S.Ct. 2505.
2. Medcomp Did Have an Obligation to Use its Best Efforts
Nevertheless, Medcomp contends that it was not obligated to comply with the Best Efforts Provision for two reasons: (1) the Discretionary Clause relieves Med-comp of its responsibilities under the Best Efforts Provision; and (2) Osiris failed to comply with the Notice and Cure Provision thereby releasing Medcomp of its obligations under the Best Efforts Provision. Mot. 10-12. The Court disagrees and finds that Medcomp still had an obligation to comply with the Best Efforts Provision.
i Discretionary Clause
Texas courts employ the canon of construction that specific provisions control over general ones. See Matter of Pirani, 824 F.3d 483, 494 (5th Cir. 2016) (citing Forbau v. Aetna Life Ins. Co., 876 S.W.2d 132, 133 (Tex. 1994)). “Of course the general/specific canon is not an absolute rule, but is merely a strong indication of statutory meaning that can be overcome by textual indications that point in the other direction.” RadLAX Gateway Hotel, LLC v. Amalgamated Bank, 566 U.S. 639, 132 S.Ct. 2065, 2072, 182 L.Ed.2d 967 (2012).
The Discretionary Clause provides as follows:
[Medcomp] makes no guarantees, representations, warranties, or promises regarding its sales activity of the [’398 Patent Needle] and shall in its sole discretion devote as much or as little (or none) of its time and resources to selling the [’398 Patent Needle].
PLA 7. This broad, unfettered Discretionary Clause stands in contrast to the Best Efforts Provision. The specific benchmarks enumerated in the Best Efforts Provision would be rendered meaningless if the Discretionary Clause controls. Given that the PLA centers on Medcomp meeting certain benchmarks, the Court finds that the specific Best Efforts Provision should control over the general Discretionary Clause. See Matter of Pirani, 824 F.3d at 494. Therefore, Medcomp’s argument that the Discretionary Clause absolves its obligation under the contract is without merit. See id."
226 F.Supp.3d 743,2.2,k143.5,pos8,Section 2(b) — Projected Manufacturing Quantities,POSITIVE,step 1 — construed by the court,Medical Components (Medcomp)/Martech v. Osiris Medical and Raul Garcia — dispute over a patent license agreement's minimum royalty term (Validation Date vs. three-year term from Effective Date) and whether a general discretionary clause negated the express best-efforts covenant.,226FSupp3d743_exhibit_b,output/contracts/226FSupp3d743_exhibit_b.md,37-37,2290-2488,"(b) Licensee projects to manufacture at least 225,000 units of the Product in the First Year, and 262,500 units of the Product in the Second Year, and 325,000 units of the Product in the Third Year.",1.0,"Therefore, the next inquiry is whether Medcomp manufactured the following amounts of ’398 Patent Needles: 226,000, in Year One, 262,500 in Year Two and 325,000 in Year Three. PLA 2; see also Herrmann Holdings, 302 F.3d at 559.
Medcomp concedes that it did not meet the PLA benchmarks. See Resp. Ex. A, at 116 [hereinafter “Schweikert Deposition”]. Osiris President Tim Schweikert indicated that Medcomp only manufactured 100,-000 ’398 Patent Needles in Year Three. Schweikert Deposition 116. Medcomp counters that the PLA “contains no promise” that it would manufacture any amount of the ’398 Patent Needles. Mot. 4. Med-comp’s statement belies the express language of the PLA: “[Medcomp] projects to manufacture at least 225,000 units in the Product in the First Year, and 262,500 units of the Product in the Second Year, and 325,000 units of the Product in the Third Year.” PLA 2 (emphasis added).
Because Medcomp failed to meet the benchmarks, “it becomes necessary to measure the party’s efforts ‘by the circumstances of the case and by comparing the party’s performance with that of an average, prudent, comparable operator.’” See Herrmann Holdings, 302 F.3d at 559 (quoting CKB & Assocs., 809 S.W.2d at 582)."
226 F.Supp.3d 743,2.2,k143.5,pos9,Section 14(g) — Discretionary Clause,POSITIVE,step 1 — construed by the court,Medical Components (Medcomp)/Martech v. Osiris Medical and Raul Garcia — dispute over a patent license agreement's minimum royalty term (Validation Date vs. three-year term from Effective Date) and whether a general discretionary clause negated the express best-efforts covenant.,226FSupp3d743_exhibit_b,output/contracts/226FSupp3d743_exhibit_b.md,171-171,12800-13039,"(g) Licensee makes no guarantees, representations, warranties, or promises regarding its sales activity of the Product and shall in its sole discretion devote as much or as little (or none) of its time and resources to selling the Product.",1.0,"i Discretionary Clause
Texas courts employ the canon of construction that specific provisions control over general ones. See Matter of Pirani, 824 F.3d 483, 494 (5th Cir. 2016) (citing Forbau v. Aetna Life Ins. Co., 876 S.W.2d 132, 133 (Tex. 1994)). “Of course the general/specific canon is not an absolute rule, but is merely a strong indication of statutory meaning that can be overcome by textual indications that point in the other direction.” RadLAX Gateway Hotel, LLC v. Amalgamated Bank, 566 U.S. 639, 132 S.Ct. 2065, 2072, 182 L.Ed.2d 967 (2012).
The Discretionary Clause provides as follows:
[Medcomp] makes no guarantees, representations, warranties, or promises regarding its sales activity of the [’398 Patent Needle] and shall in its sole discretion devote as much or as little (or none) of its time and resources to selling the [’398 Patent Needle].
PLA 7. This broad, unfettered Discretionary Clause stands in contrast to the Best Efforts Provision. The specific benchmarks enumerated in the Best Efforts Provision would be rendered meaningless if the Discretionary Clause controls. Given that the PLA centers on Medcomp meeting certain benchmarks, the Court finds that the specific Best Efforts Provision should control over the general Discretionary Clause. See Matter of Pirani, 824 F.3d at 494. Therefore, Medcomp’s argument that the Discretionary Clause absolves its obligation under the contract is without merit. See id."
226 F.Supp.3d 743,2.2,k143.5,pos10,Section 15(b) — Opportunity to Cure,POSITIVE,step 1 — construed by the court,Medical Components (Medcomp)/Martech v. Osiris Medical and Raul Garcia — dispute over a patent license agreement's minimum royalty term (Validation Date vs. three-year term from Effective Date) and whether a general discretionary clause negated the express best-efforts covenant.,226FSupp3d743_exhibit_b,output/contracts/226FSupp3d743_exhibit_b.md,195-195,14069-14318,"(b) The party in breach, before being liable for such breach and all damages incurred by such breach, shall have: (i) thirty (30) days to cure such breach, if a monetary breach; and (ii) sixty (60) days to cure such breach, if a non-monetary breach.",1.0,"ii. Notice and Cure Provision
Notice and cure clauses are found in a number of different contracts, and are generally enforceable as valid contract terms. E.g., Ogden v. Gibraltar Sav. Ass’n, 640 S.W.2d 232, 233 (Tex. 1982) (maker of note must comply with acceleration clause requiring notice and cure period). To be sure, the Notice and Cure Provision presumes that a breach has occurred. Given that there is a factual dispute regarding whether a breach of the Best Efforts Provision occurred, the Court cannot determine, at this juncture, whether Osiris failed to comply with the Notice and Cure Provision. As a result, the Court will not address this issue at this time."
226 F.Supp.3d 743,2.2,k143.5,neg1,Preamble,NEGATIVE,step 2 — not disputed,Medical Components (Medcomp)/Martech v. Osiris Medical and Raul Garcia — dispute over a patent license agreement's minimum royalty term (Validation Date vs. three-year term from Effective Date) and whether a general discretionary clause negated the express best-efforts covenant.,226FSupp3d743_exhibit_b,output/contracts/226FSupp3d743_exhibit_b.md,3-3,33-369,"This Patent License Agreement (""this Agreement"") is between Medical Components, Inc. (the ""Licensee"") a company with its address at 1499 Delp Drive, Harleysville PA, 19438, and Osiris Medical Inc. (the ""Licensor""), a company with its address at 1144 Vista De Oro Drive, El Paso, TX 79935-4904, and is entered into on the Effective Date.",1.0,
226 F.Supp.3d 743,2.2,k143.5,neg2,1(a). Effective Date,NEGATIVE,step 2 — not disputed,Medical Components (Medcomp)/Martech v. Osiris Medical and Raul Garcia — dispute over a patent license agreement's minimum royalty term (Validation Date vs. three-year term from Effective Date) and whether a general discretionary clause negated the express best-efforts covenant.,226FSupp3d743_exhibit_b,output/contracts/226FSupp3d743_exhibit_b.md,7-7,395-483,"(a) ""Effective Date"" shall refer to the date this Agreement is executed by both parties.",1.0,
226 F.Supp.3d 743,2.2,k143.5,neg3,1(b). Termination Date,NEGATIVE,step 2 — not disputed,Medical Components (Medcomp)/Martech v. Osiris Medical and Raul Garcia — dispute over a patent license agreement's minimum royalty term (Validation Date vs. three-year term from Effective Date) and whether a general discretionary clause negated the express best-efforts covenant.,226FSupp3d743_exhibit_b,output/contracts/226FSupp3d743_exhibit_b.md,9-9,485-558,"(b) ""Termination Date"" shall refer to the date this Agreement terminates.",1.0,
226 F.Supp.3d 743,2.2,k143.5,neg4,1(c). Patent,NEGATIVE,step 2 — not disputed,Medical Components (Medcomp)/Martech v. Osiris Medical and Raul Garcia — dispute over a patent license agreement's minimum royalty term (Validation Date vs. three-year term from Effective Date) and whether a general discretionary clause negated the express best-efforts covenant.,226FSupp3d743_exhibit_b,output/contracts/226FSupp3d743_exhibit_b.md,11-11,560-610,"(c) ""Patent"" shall refer to U.S. patent 7,125,398.",1.0,
226 F.Supp.3d 743,2.2,k143.5,neg5,1(d). Product,NEGATIVE,step 2 — not disputed,Medical Components (Medcomp)/Martech v. Osiris Medical and Raul Garcia — dispute over a patent license agreement's minimum royalty term (Validation Date vs. three-year term from Effective Date) and whether a general discretionary clause negated the express best-efforts covenant.,226FSupp3d743_exhibit_b,output/contracts/226FSupp3d743_exhibit_b.md,13-13,612-960,"(d) ""Product"" shall encompass the needle guard to be manufactured under this License by Licensee or Licensee's manufacturer, arising under the medical needle guard as described in the Patent and the product design known as the Huber Safety Infusion Set provided to Licensee by Licensor. Product only includes devices that would infringe the Patent.",1.0,
226 F.Supp.3d 743,2.2,k143.5,neg6,1(e). IP Rights,NEGATIVE,step 2 — not disputed,Medical Components (Medcomp)/Martech v. Osiris Medical and Raul Garcia — dispute over a patent license agreement's minimum royalty term (Validation Date vs. three-year term from Effective Date) and whether a general discretionary clause negated the express best-efforts covenant.,226FSupp3d743_exhibit_b,output/contracts/226FSupp3d743_exhibit_b.md,15-15,962-1062,"(e) ""IP Rights"" shall encompass U.S. Patent No. 7,125,398 and any reissues or continuations thereof.",1.0,
226 F.Supp.3d 743,2.2,k143.5,neg7,1(f). Party to this Agreement,NEGATIVE,step 2 — not disputed,Medical Components (Medcomp)/Martech v. Osiris Medical and Raul Garcia — dispute over a patent license agreement's minimum royalty term (Validation Date vs. three-year term from Effective Date) and whether a general discretionary clause negated the express best-efforts covenant.,226FSupp3d743_exhibit_b,output/contracts/226FSupp3d743_exhibit_b.md,17-17,1064-1131,"(f) ""Party to this Agreement"" shall refer to Licensor and Licensee.",1.0,
226 F.Supp.3d 743,2.2,k143.5,neg8,1(i). Second Year,NEGATIVE,step 2 — not disputed,Medical Components (Medcomp)/Martech v. Osiris Medical and Raul Garcia — dispute over a patent license agreement's minimum royalty term (Validation Date vs. three-year term from Effective Date) and whether a general discretionary clause negated the express best-efforts covenant.,226FSupp3d743_exhibit_b,output/contracts/226FSupp3d743_exhibit_b.md,23-23,1692-1899,"(i) ""Second Year"" shall refer to a one year period beginning on the last day of the month falling 12 months after the Validation Date to the last day of the month falling 24 months after the Validation Date.",1.0,
226 F.Supp.3d 743,2.2,k143.5,neg9,1(j). Third Year,NEGATIVE,step 2 — not disputed,Medical Components (Medcomp)/Martech v. Osiris Medical and Raul Garcia — dispute over a patent license agreement's minimum royalty term (Validation Date vs. three-year term from Effective Date) and whether a general discretionary clause negated the express best-efforts covenant.,226FSupp3d743_exhibit_b,output/contracts/226FSupp3d743_exhibit_b.md,31-31,1908-2114,"(j) ""Third Year"" shall refer to a one year period beginning on the last day of the month falling 24 months after the Validation Date to the last day of the month falling 36 months after the Validation Date.",1.0,
226 F.Supp.3d 743,2.2,k143.5,neg10,2(a). Royalty Rate,NEGATIVE,step 2 — not disputed,Medical Components (Medcomp)/Martech v. Osiris Medical and Raul Garcia — dispute over a patent license agreement's minimum royalty term (Validation Date vs. three-year term from Effective Date) and whether a general discretionary clause negated the express best-efforts covenant.,226FSupp3d743_exhibit_b,output/contracts/226FSupp3d743_exhibit_b.md,35-35,2161-2288,"(a) The royalty rate is equal to \$0.87 per sold unit of the Product sold by Licensee or its manufacturer (the ""Royalty Rate"").",1.0,
226 F.Supp.3d 743,2.2,k143.5,neg11,2(c). Quarterly notice,NEGATIVE,step 2 — not disputed,Medical Components (Medcomp)/Martech v. Osiris Medical and Raul Garcia — dispute over a patent license agreement's minimum royalty term (Validation Date vs. three-year term from Effective Date) and whether a general discretionary clause negated the express best-efforts covenant.,226FSupp3d743_exhibit_b,output/contracts/226FSupp3d743_exhibit_b.md,39-39,2490-2603,(c) Licensee agrees to notify Licensors in quarterly intervals the number of Products sold for the prior quarter.,1.0,
226 F.Supp.3d 743,2.2,k143.5,neg12,2(e). Excess Payment,NEGATIVE,step 2 — not disputed,Medical Components (Medcomp)/Martech v. Osiris Medical and Raul Garcia — dispute over a patent license agreement's minimum royalty term (Validation Date vs. three-year term from Effective Date) and whether a general discretionary clause negated the express best-efforts covenant.,226FSupp3d743_exhibit_b,output/contracts/226FSupp3d743_exhibit_b.md,43-43,2902-3362,"(e) At the end of each of the First Year, Second Year, and Third Year, Licensee shall pay Licensors an Excess Payment computed as the Royalty Rate multiplied by the number of Products sold in that year in excess of the projected amount for that year set forth in section (b) of this Section. For example, if, in the First Year, 230,000 Products were sold then at the end of the First Year, then the Licensee will make an Excess Payment of \$4,350 to Licensors.",1.0,
226 F.Supp.3d 743,2.2,k143.5,neg13,2(f). Aggregate threshold,NEGATIVE,step 2 — not disputed,Medical Components (Medcomp)/Martech v. Osiris Medical and Raul Garcia — dispute over a patent license agreement's minimum royalty term (Validation Date vs. three-year term from Effective Date) and whether a general discretionary clause negated the express best-efforts covenant.,226FSupp3d743_exhibit_b,output/contracts/226FSupp3d743_exhibit_b.md,45-45,3364-3800,"(f) At such point in time when at least \$706,875 in the aggregate has been paid to Licensors by Licensee in accordance with this Section, then Sections (d) and (e) of this Section are no longer operative and instead Licensee will pay Licensors the Royalty Rate for each subsequent unit of the Product sold [in excess of aggregate 812,500 units for which payment had already been made] in quarterly intervals until the Termination Date.",1.0,
226 F.Supp.3d 743,2.2,k143.5,neg14,2(g). Interest on past due,NEGATIVE,step 2 — not disputed,Medical Components (Medcomp)/Martech v. Osiris Medical and Raul Garcia — dispute over a patent license agreement's minimum royalty term (Validation Date vs. three-year term from Effective Date) and whether a general discretionary clause negated the express best-efforts covenant.,226FSupp3d743_exhibit_b,output/contracts/226FSupp3d743_exhibit_b.md,47-47,3802-3992,"(g) Past due amounts of royalties more than 30 days past due shall accrue interest at the rate of one and one-half percent (1.5%) per month or the maximum allowed by law, whichever is lower.",1.0,
226 F.Supp.3d 743,2.2,k143.5,neg15,2(h). Meaning of sale,NEGATIVE,step 2 — not disputed,Medical Components (Medcomp)/Martech v. Osiris Medical and Raul Garcia — dispute over a patent license agreement's minimum royalty term (Validation Date vs. three-year term from Effective Date) and whether a general discretionary clause negated the express best-efforts covenant.,226FSupp3d743_exhibit_b,output/contracts/226FSupp3d743_exhibit_b.md,55-55,4001-4327,"(h) Notwithstanding anything herein to the contrary, the terms ""sale"", ""sold"", ""sell"", ""purchase"", ""purchased"", or similar words, when used in connection with a Product, shall mean any sale, conveyance, gift, assignment, or other transfer of any kind, whether with or without consideration, to any person or entity whatsoever.",1.0,
226 F.Supp.3d 743,2.2,k143.5,neg16,2(j). Payment on termination,NEGATIVE,step 2 — not disputed,Medical Components (Medcomp)/Martech v. Osiris Medical and Raul Garcia — dispute over a patent license agreement's minimum royalty term (Validation Date vs. three-year term from Effective Date) and whether a general discretionary clause negated the express best-efforts covenant.,226FSupp3d743_exhibit_b,output/contracts/226FSupp3d743_exhibit_b.md,59-59,4424-4805,"(j) Notwithstanding anything herein to the contrary, in the event of termination of this Agreement and within thirty (30) days thereafter, Licensee shall pay to Licenser royalties at the Royalty Rate based upon all units of the Product purchased or ordered by Licensee, or otherwise in its possession and control that has not been included in previous royalty payments to licenser.",1.0,
226 F.Supp.3d 743,2.2,k143.5,neg17,3(a). Grant of License,NEGATIVE,step 2 — not disputed,Medical Components (Medcomp)/Martech v. Osiris Medical and Raul Garcia — dispute over a patent license agreement's minimum royalty term (Validation Date vs. three-year term from Effective Date) and whether a general discretionary clause negated the express best-efforts covenant.,226FSupp3d743_exhibit_b,output/contracts/226FSupp3d743_exhibit_b.md,63-63,4826-5641,"(a) Licenser hereby grants Licensee a non-exclusive, non-assignable license to the Licensee, during the term of this Agreement, to use the IP Rights for the purpose of manufacturing, advertising, and selling the Product in the U.S. and abroad, upon the terms and conditions set forth in this Agreement (the ""License""). Licensee may not make any other use of the IP Rights. Licensee shall notify Licenser in writing of the identity, contact information, and place of Product manufacture for each of Licensee's manufacturers. Under the License, Licensee's manufacturers so identified may manufacture Products for Licenser, but exclusively for Licensee, in accordance with and subject to the terms and conditions of this Agreement, with Licensee being responsible for its manufacturers' compliance with this Agreement.",1.0,
226 F.Supp.3d 743,2.2,k143.5,neg18,3(b). Disposition of Products,NEGATIVE,step 2 — not disputed,Medical Components (Medcomp)/Martech v. Osiris Medical and Raul Garcia — dispute over a patent license agreement's minimum royalty term (Validation Date vs. three-year term from Effective Date) and whether a general discretionary clause negated the express best-efforts covenant.,226FSupp3d743_exhibit_b,output/contracts/226FSupp3d743_exhibit_b.md,65-65,5643-5917,"(b) For each Product purchased by Licensee (or Licensee's permitted assigns or manufacturers) in accordance with this Agreement, the Licensee is free to dispose of that Product in any manner the Licensee wishes, including a sale (in U.S. or abroad), a gift or any other use.",1.0,
226 F.Supp.3d 743,2.2,k143.5,neg19,3(c). Sublicense from Raul Garcia,NEGATIVE,step 2 — not disputed,Medical Components (Medcomp)/Martech v. Osiris Medical and Raul Garcia — dispute over a patent license agreement's minimum royalty term (Validation Date vs. three-year term from Effective Date) and whether a general discretionary clause negated the express best-efforts covenant.,226FSupp3d743_exhibit_b,output/contracts/226FSupp3d743_exhibit_b.md,67-75,5919-6390,"(c) Licenser represents, and Licensee acknowledges, that Licenser has been licensed the right to use IP Rights by Raul Garcia, the owner of the Patent and IP Rights, pursuant to a License Agreement dated January 1, 2007, as amended, between Licenser and Raul Garcia, that the License represents a sublicense of the IP Rights, and that Raul Garcia has consented to Licensors entry into this Agreement and has consented to the sublicense represented by the License.",1.0,
226 F.Supp.3d 743,2.2,k143.5,neg20,4(a). Authority,NEGATIVE,step 2 — not disputed,Medical Components (Medcomp)/Martech v. Osiris Medical and Raul Garcia — dispute over a patent license agreement's minimum royalty term (Validation Date vs. three-year term from Effective Date) and whether a general discretionary clause negated the express best-efforts covenant.,226FSupp3d743_exhibit_b,output/contracts/226FSupp3d743_exhibit_b.md,79-79,6420-6514,(a) Each party warrants and represents that it has the authority to enter into this Agreement.,1.0,
226 F.Supp.3d 743,2.2,k143.5,neg21,4(b). Patent issued,NEGATIVE,step 2 — not disputed,Medical Components (Medcomp)/Martech v. Osiris Medical and Raul Garcia — dispute over a patent license agreement's minimum royalty term (Validation Date vs. three-year term from Effective Date) and whether a general discretionary clause negated the express best-efforts covenant.,226FSupp3d743_exhibit_b,output/contracts/226FSupp3d743_exhibit_b.md,81-81,6516-6586,(b) Licensors warrants and represents that the Patent has been issued.,1.0,
226 F.Supp.3d 743,2.2,k143.5,neg22,4(c). Notice of acquisition or transfer,NEGATIVE,step 2 — not disputed,Medical Components (Medcomp)/Martech v. Osiris Medical and Raul Garcia — dispute over a patent license agreement's minimum royalty term (Validation Date vs. three-year term from Effective Date) and whether a general discretionary clause negated the express best-efforts covenant.,226FSupp3d743_exhibit_b,output/contracts/226FSupp3d743_exhibit_b.md,83-83,6588-7137,"(c) Licensors agrees that, if Licensors is the subject of a proposed acquisition or transfer of the Patent which Licensors intends to conclude, Licensors will give Licensee a 90 day notice before the effective date such acquisition or transfer and will guarantee that all open orders placed by Licensee [up to a maximum of 275,000 units in the aggregate] prior to the actual occurrence of the acquisition or transfer will be permitted (subject to the terms of this Agreement) even if such orders are fulfilled after the acquisition or transfer date.",1.0,
226 F.Supp.3d 743,2.2,k143.5,neg23,5(a). Licensor indemnity,NEGATIVE,step 2 — not disputed,Medical Components (Medcomp)/Martech v. Osiris Medical and Raul Garcia — dispute over a patent license agreement's minimum royalty term (Validation Date vs. three-year term from Effective Date) and whether a general discretionary clause negated the express best-efforts covenant.,226FSupp3d743_exhibit_b,output/contracts/226FSupp3d743_exhibit_b.md,87-87,7168-7505,"(a) Licensors agrees to indemnify, defend, and hold harmless Licensee from any and against any and all claims, causes of action, damages, injuries, losses, expenses, attorneys fees, and harm of any kind relating to a third party claim against Licensee, to the proportional extent arising from Licensors material breach of this Agreement.",1.0,
226 F.Supp.3d 743,2.2,k143.5,neg24,5(b). Licensee indemnity,NEGATIVE,step 2 — not disputed,Medical Components (Medcomp)/Martech v. Osiris Medical and Raul Garcia — dispute over a patent license agreement's minimum royalty term (Validation Date vs. three-year term from Effective Date) and whether a general discretionary clause negated the express best-efforts covenant.,226FSupp3d743_exhibit_b,output/contracts/226FSupp3d743_exhibit_b.md,89-89,7507-7845,"(b) Licensee agrees to indemnify, defend, and hold harmless Licensors from any and against any and all claims, causes of action, damages, injuries, losses, expenses, attorneys fees, and harm of any kind relating to a third party claim against Licensors, to the proportional extent arising from Licensors material breach of this Agreement.",1.0,
226 F.Supp.3d 743,2.2,k143.5,neg25,5(c). Comparative indemnification,NEGATIVE,step 2 — not disputed,Medical Components (Medcomp)/Martech v. Osiris Medical and Raul Garcia — dispute over a patent license agreement's minimum royalty term (Validation Date vs. three-year term from Effective Date) and whether a general discretionary clause negated the express best-efforts covenant.,226FSupp3d743_exhibit_b,output/contracts/226FSupp3d743_exhibit_b.md,91-91,7847-8010,"(c) In event of a situation where both indemnification obligations apply, such indemnification will be comparative, based upon the respective fault of the parties.",1.0,
226 F.Supp.3d 743,2.2,k143.5,neg26,5(d). Effect of infringement claim,NEGATIVE,step 2 — not disputed,Medical Components (Medcomp)/Martech v. Osiris Medical and Raul Garcia — dispute over a patent license agreement's minimum royalty term (Validation Date vs. three-year term from Effective Date) and whether a general discretionary clause negated the express best-efforts covenant.,226FSupp3d743_exhibit_b,output/contracts/226FSupp3d743_exhibit_b.md,93-101,8012-8498,"(d) In event of a third party claim of patent infringement, then the monthly payments set forth in Section 2(d) are no longer required and Sections 2(e) and 2(f) will no longer be operative and instead Licensee will simply pay Licensors the royalty rate set forth in Section 2(a) for all sold items with no minimum quantities required until the earlier of the Termination Date or the date that such infringement claim is substantially resolved in favor of Licensors or Licensee.",1.0,
226 F.Supp.3d 743,2.2,k143.5,neg27,6. Patent Maintenance,NEGATIVE,step 2 — not disputed,Medical Components (Medcomp)/Martech v. Osiris Medical and Raul Garcia — dispute over a patent license agreement's minimum royalty term (Validation Date vs. three-year term from Effective Date) and whether a general discretionary clause negated the express best-efforts covenant.,226FSupp3d743_exhibit_b,output/contracts/226FSupp3d743_exhibit_b.md,103-105,8506-8809,"6. Patent Maintenance** Licensors will take, or cause Raul Garcia to take, all customary actions needed to maintain the validity of the Patent, such as paying maintenance fees when due, defending any reexaminations, and any other action needed to maintain the validity and enforceability of the Patent.",1.0,
226 F.Supp.3d 743,2.2,k143.5,neg28,7. Third party Infringements of the Patent,NEGATIVE,step 2 — not disputed,Medical Components (Medcomp)/Martech v. Osiris Medical and Raul Garcia — dispute over a patent license agreement's minimum royalty term (Validation Date vs. three-year term from Effective Date) and whether a general discretionary clause negated the express best-efforts covenant.,226FSupp3d743_exhibit_b,output/contracts/226FSupp3d743_exhibit_b.md,107-109,8817-8970,7. Third party Infringements of the Patent** Licensee shall promptly notify Licensors of any unauthorized infringements of the Patent known to Licensee.,1.0,
226 F.Supp.3d 743,2.2,k143.5,neg29,8(a). New Product FDA approval,NEGATIVE,step 2 — not disputed,Medical Components (Medcomp)/Martech v. Osiris Medical and Raul Garcia — dispute over a patent license agreement's minimum royalty term (Validation Date vs. three-year term from Effective Date) and whether a general discretionary clause negated the express best-efforts covenant.,226FSupp3d743_exhibit_b,output/contracts/226FSupp3d743_exhibit_b.md,113-113,8996-9307,"(a) If and when Licensee applies for and receives FDA approval for a CT Huber 510k product during the Term of this Agreement, then such product shall be considered to be a ""Product"" for purposes of this Agreement during its Term so long as such product to be manufactured would infringe any claim of the Patent.",1.0,
226 F.Supp.3d 743,2.2,k143.5,neg30,8(b). Option to purchase approval files,NEGATIVE,step 2 — not disputed,Medical Components (Medcomp)/Martech v. Osiris Medical and Raul Garcia — dispute over a patent license agreement's minimum royalty term (Validation Date vs. three-year term from Effective Date) and whether a general discretionary clause negated the express best-efforts covenant.,226FSupp3d743_exhibit_b,output/contracts/226FSupp3d743_exhibit_b.md,115-115,9309-9518,"(b) Licensors will have the option to purchase each of the 510k or CE approval files from Licensee upon termination of this Agreement for any reason for \$15,000.00 each, for a total not to exceed \$60,000.00.",1.0,
226 F.Supp.3d 743,2.2,k143.5,neg31,9(c). Extension,NEGATIVE,step 2 — not disputed,Medical Components (Medcomp)/Martech v. Osiris Medical and Raul Garcia — dispute over a patent license agreement's minimum royalty term (Validation Date vs. three-year term from Effective Date) and whether a general discretionary clause negated the express best-efforts covenant.,226FSupp3d743_exhibit_b,output/contracts/226FSupp3d743_exhibit_b.md,129-129,10008-10209,"(c) At a time close to the expiration of the three year term, this Agreement can be extended by mutual agreement of the Parties to this Agreement in writing with changes in terms both parties agree to.",1.0,
226 F.Supp.3d 743,2.2,k143.5,neg32,9(d). Option to purchase molds,NEGATIVE,step 2 — not disputed,Medical Components (Medcomp)/Martech v. Osiris Medical and Raul Garcia — dispute over a patent license agreement's minimum royalty term (Validation Date vs. three-year term from Effective Date) and whether a general discretionary clause negated the express best-efforts covenant.,226FSupp3d743_exhibit_b,output/contracts/226FSupp3d743_exhibit_b.md,131-131,10211-10484,"(d) Upon termination of this Agreement, Licenser shall have the option to purchase from Licensee all molds, designs, and specifications for the Product at their value, calculated by the original purchase price therefore, depreciated with an equal amortization over the Term",1.0,
226 F.Supp.3d 743,2.2,k143.5,neg33,10. Choice of Jurisdiction,NEGATIVE,step 2 — not disputed,Medical Components (Medcomp)/Martech v. Osiris Medical and Raul Garcia — dispute over a patent license agreement's minimum royalty term (Validation Date vs. three-year term from Effective Date) and whether a general discretionary clause negated the express best-efforts covenant.,226FSupp3d743_exhibit_b,output/contracts/226FSupp3d743_exhibit_b.md,133-135,10494-10664,10. Choice of Jurisdiction** Licenser and Licensee both agree to jurisdiction and venue in the State of Delaware for any legal proceedings arising out of this Agreement.,1.0,
226 F.Supp.3d 743,2.2,k143.5,neg34,11(a). Assignment restriction,NEGATIVE,step 2 — not disputed,Medical Components (Medcomp)/Martech v. Osiris Medical and Raul Garcia — dispute over a patent license agreement's minimum royalty term (Validation Date vs. three-year term from Effective Date) and whether a general discretionary clause negated the express best-efforts covenant.,226FSupp3d743_exhibit_b,output/contracts/226FSupp3d743_exhibit_b.md,139-139,10690-10934,"(a) Neither party shall have the right or power to assign or transfer this Agreement and the obligations thereof without permission of the other party; provided, however, that Licenser shall be entitled to assign the right to receive royalties.",1.0,
226 F.Supp.3d 743,2.2,k143.5,neg35,11(b). Successors,NEGATIVE,step 2 — not disputed,Medical Components (Medcomp)/Martech v. Osiris Medical and Raul Garcia — dispute over a patent license agreement's minimum royalty term (Validation Date vs. three-year term from Effective Date) and whether a general discretionary clause negated the express best-efforts covenant.,226FSupp3d743_exhibit_b,output/contracts/226FSupp3d743_exhibit_b.md,141-141,10936-11023,(b) This Agreement is binding upon all successors and permitted assigns of the parties.,1.0,
226 F.Supp.3d 743,2.2,k143.5,neg36,12. Bankruptcy,NEGATIVE,step 2 — not disputed,Medical Components (Medcomp)/Martech v. Osiris Medical and Raul Garcia — dispute over a patent license agreement's minimum royalty term (Validation Date vs. three-year term from Effective Date) and whether a general discretionary clause negated the express best-efforts covenant.,226FSupp3d743_exhibit_b,output/contracts/226FSupp3d743_exhibit_b.md,143-145,11031-11279,"12. Bankruptcy** In the event of bankruptcy of Licenser, the Licensee reserves its right to retain its license rights under 11 U.S.C. § 365(n) and does not consent to transfer or termination of the rights granted under Section 3 of this Agreement.",1.0,
226 F.Supp.3d 743,2.2,k143.5,neg37,14(a). No waiver,NEGATIVE,step 2 — not disputed,Medical Components (Medcomp)/Martech v. Osiris Medical and Raul Garcia — dispute over a patent license agreement's minimum royalty term (Validation Date vs. three-year term from Effective Date) and whether a general discretionary clause negated the express best-efforts covenant.,226FSupp3d743_exhibit_b,output/contracts/226FSupp3d743_exhibit_b.md,159-159,11734-11856,(a) A failure by Licensor or Licensee to enforce any term in this Agreement shall not be regarded as any waiver of rights.,1.0,
226 F.Supp.3d 743,2.2,k143.5,neg38,14(b). Headings,NEGATIVE,step 2 — not disputed,Medical Components (Medcomp)/Martech v. Osiris Medical and Raul Garcia — dispute over a patent license agreement's minimum royalty term (Validation Date vs. three-year term from Effective Date) and whether a general discretionary clause negated the express best-efforts covenant.,226FSupp3d743_exhibit_b,output/contracts/226FSupp3d743_exhibit_b.md,161-161,11858-12009,"(b) The headings, captions, and arrangements used in this Agreement are for convenience only and shall not affect the interpretation of this Agreement.",1.0,
226 F.Supp.3d 743,2.2,k143.5,neg39,14(c). Counterparts,NEGATIVE,step 2 — not disputed,Medical Components (Medcomp)/Martech v. Osiris Medical and Raul Garcia — dispute over a patent license agreement's minimum royalty term (Validation Date vs. three-year term from Effective Date) and whether a general discretionary clause negated the express best-efforts covenant.,226FSupp3d743_exhibit_b,output/contracts/226FSupp3d743_exhibit_b.md,163-163,12011-12187,"(c) This Agreement may be executed in one or more counterparts, each of which shall be deemed an original, but all of which together shall constitute one and the same document.",1.0,
226 F.Supp.3d 743,2.2,k143.5,neg40,14(d). Construction,NEGATIVE,step 2 — not disputed,Medical Components (Medcomp)/Martech v. Osiris Medical and Raul Garcia — dispute over a patent license agreement's minimum royalty term (Validation Date vs. three-year term from Effective Date) and whether a general discretionary clause negated the express best-efforts covenant.,226FSupp3d743_exhibit_b,output/contracts/226FSupp3d743_exhibit_b.md,165-165,12189-12351,"(d) Wherever the context shall require, the singular shall include the plural, and the male gender shall include the female gender and the neuter, and vice versa.",1.0,
226 F.Supp.3d 743,2.2,k143.5,neg41,14(e). No agency,NEGATIVE,step 2 — not disputed,Medical Components (Medcomp)/Martech v. Osiris Medical and Raul Garcia — dispute over a patent license agreement's minimum royalty term (Validation Date vs. three-year term from Effective Date) and whether a general discretionary clause negated the express best-efforts covenant.,226FSupp3d743_exhibit_b,output/contracts/226FSupp3d743_exhibit_b.md,167-167,12353-12596,"(e) In no event shall Licensor or Licensee be deemed the agent, employer, partner, or joint venture of the other. No party shall have the right to bind the other party, nor shall any party represent to any third party anything to the contrary.",1.0,
226 F.Supp.3d 743,2.2,k143.5,neg42,14(f). Opportunity to review,NEGATIVE,step 2 — not disputed,Medical Components (Medcomp)/Martech v. Osiris Medical and Raul Garcia — dispute over a patent license agreement's minimum royalty term (Validation Date vs. three-year term from Effective Date) and whether a general discretionary clause negated the express best-efforts covenant.,226FSupp3d743_exhibit_b,output/contracts/226FSupp3d743_exhibit_b.md,169-169,12598-12798,"(f) Licensor and Licensee acknowledge that each has had the full opportunity to read and review this Agreement prior to entering into it, and to consult with an attorney or waive their right to do so.",1.0,
226 F.Supp.3d 743,2.2,k143.5,neg43,14(h). Improvements,NEGATIVE,step 2 — not disputed,Medical Components (Medcomp)/Martech v. Osiris Medical and Raul Garcia — dispute over a patent license agreement's minimum royalty term (Validation Date vs. three-year term from Effective Date) and whether a general discretionary clause negated the express best-efforts covenant.,226FSupp3d743_exhibit_b,output/contracts/226FSupp3d743_exhibit_b.md,173-173,13041-13494,"(h) If an improvement to the Product is discovered jointly by both Licensor and Licensee, then this improvement will become the property of Licensor. If such an improvement is discovered by Licensee without the contribution of Licensor, then this improvement will become the sole property of Licensee. If such an improvement is discovered by Licensor without the contribution of Licensee, then this improvement will become the sole property of Licensor.",1.0,
226 F.Supp.3d 743,2.2,k143.5,neg44,14(i). Attorneys fees,NEGATIVE,step 2 — not disputed,Medical Components (Medcomp)/Martech v. Osiris Medical and Raul Garcia — dispute over a patent license agreement's minimum royalty term (Validation Date vs. three-year term from Effective Date) and whether a general discretionary clause negated the express best-efforts covenant.,226FSupp3d743_exhibit_b,output/contracts/226FSupp3d743_exhibit_b.md,175-175,13496-13734,"(i) Should any party employ an attorney to enforce any of the provisions hereof, the non-prevailing party agrees to pay to the prevailing party all reasonable costs and expenses, including attorneys fees, incurred in connection therewith.",1.0,
226 F.Supp.3d 743,2.2,k143.5,neg45,15(a). Notice of breach,NEGATIVE,step 2 — not disputed,Medical Components (Medcomp)/Martech v. Osiris Medical and Raul Garcia — dispute over a patent license agreement's minimum royalty term (Validation Date vs. three-year term from Effective Date) and whether a general discretionary clause negated the express best-efforts covenant.,226FSupp3d743_exhibit_b,output/contracts/226FSupp3d743_exhibit_b.md,185-193,13788-14067,"(a) If any Party to this Agreement is in breach of this Agreement, the other party shall provide written notice to the breaching party at: Medical Components, Inc. 1499 Delp Drive Harleysville PA, 19438 Osiris Medical Inc. 1144 Vista De Oro Drive El Paso, TX 79935-4904",1.0,
226 F.Supp.3d 743,2.2,k143.5,neg46,16. Intellectual Property,NEGATIVE,step 2 — not disputed,Medical Components (Medcomp)/Martech v. Osiris Medical and Raul Garcia — dispute over a patent license agreement's minimum royalty term (Validation Date vs. three-year term from Effective Date) and whether a general discretionary clause negated the express best-efforts covenant.,226FSupp3d743_exhibit_b,output/contracts/226FSupp3d743_exhibit_b.md,197-199,14326-14946,"16. Intellectual Property** Licensee agrees that Raul Garcia is the owner of the IP Rights, that Licensors has rights in the IP Rights only as a licensee from Raul Garcia, and that Licensee shall not, and shall not allow its manufacturer or any third party affiliated with Licensee, to infringe upon the Patent or IP Rights, or to otherwise interfere with the IP Rights; however this Agreement authorizes Licensee's manufacturers of the Product to manufacture the Product for Licensee, and exclusively for Licensee and in accordance with this Agreement, without being considered an infringer of the Patent or IP Rights.",1.0,
226 F.Supp.3d 743,2.2,k143.5,neg47,17(a). Records and audit,NEGATIVE,step 2 — not disputed,Medical Components (Medcomp)/Martech v. Osiris Medical and Raul Garcia — dispute over a patent license agreement's minimum royalty term (Validation Date vs. three-year term from Effective Date) and whether a general discretionary clause negated the express best-efforts covenant.,226FSupp3d743_exhibit_b,output/contracts/226FSupp3d743_exhibit_b.md,203-211,14976-17270,"(a) Licensee shall maintain current, accurate and complete books and records relating to all payments due to Licensors pursuant to this Agreement, including without limitation manufacturing records. At any time during the term of this Agreement, and for a period of three (3) years after the termination of this Agreement, Licensee shall permit Licenser or Licenser's representative to examine, inspect, review and audit such books, records and copies and any source documents pertaining thereto. Such examination, inspection or audit shall take place during Licensee's normal business hours upon not less than three (3) business days' prior notice and shall not unreasonably interfere with Licensee's conduct of its business. Licenser or Licenser's designated representative may, at Licenser's expense, during the course of such examination, review or audit, make such copies and/or extracts of Licensee's books, records, copies and source documents that pertain to the royalties and other fees payable hereunder. Licenser's right to use a representative shall be subject to the execution by the representative of a confidentiality agreement reasonably proposed by Licensee in order to ensure that any confidential information disclosed thereby will be kept confidential and will be used only for the purposes of confirming Licenser's rights under this Agreement and ensuring compliance with the terms hereof by Licensee. Notwithstanding the foregoing, Licenser and its representative, if any, shall have the right to make reasonable inquiries and request documents of, and to receive prompt responses from, Licensee, at any time and from time to time, to confirm Licenser's rights under this Agreement and to ensure compliance with the terms hereof by Licensee. Should any audit reveal a payment shortfall of more than five percent (5%) of the amounts due to Licenser for any consecutive three-month period, Licensee shall reimburse Licenser for all direct costs of performing the audit. The amount of any shortfall (whether or not in excess of such percentage) shall be paid promptly following its discovery without interest. The amount of any overpayment shall, at Licenser's option, be refunded by Licenser to Licensee or credited against royalties payable by Licensee to Licenser.",1.0,
226 F.Supp.3d 743,2.2,k143.5,neg48,17(b). Limit on audit requests,NEGATIVE,step 2 — not disputed,Medical Components (Medcomp)/Martech v. Osiris Medical and Raul Garcia — dispute over a patent license agreement's minimum royalty term (Validation Date vs. three-year term from Effective Date) and whether a general discretionary clause negated the express best-efforts covenant.,226FSupp3d743_exhibit_b,output/contracts/226FSupp3d743_exhibit_b.md,213-213,17272-17579,"(b) Licenser is limited to two requests under subsection (a) of this Section per year; provided, however, that an additional request is permitted in event a prior request during that year revealed a shortfall of more than five percent (5%) of the amounts due Licensee for any consecutive three-month period.",1.0,
296 F.Supp.3d 892,1.3,k155,pos1,"Replacement/Consolidation Recital — ""total amount to become outstanding""",POSITIVE,step 1 — construed by the court,"Patricia Porter Kryder v. Jennifer Rogers-Etcheverry (as administrator of James Kemmler Rogers' estate) — dispute over the meaning of a $100,000 Promissory Note, in particular whether the ""total amount to become outstanding"" and ""from the date of draw through the date of repayment"" language made the principal amount and interest obligation a mere credit ceiling, plus the Note's security (deed of trust) and attorney's fee provisions.",296FSupp3d892_exhibit_promissory_note,output/contracts/296FSupp3d892_exhibit_promissory_note.md,8-8,76-294,"This note replaces a previous note dated January 15, 2010, in the amount of Fifty Thousand Dollars (\$50,000.00), in order to reflect a total amount to become outstanding of One Hundred Thousand Dollars (\$100,000.00).",1.0,"Kryder does not argue that the Promissory Note was not a contract or that the Note did not require interest payments, or the filing of a deed of trust. She argues, instead, that the Note ""clearly focuses on amounts 'to become outstanding' in the future, and contemplates interest based on 'the date of draw through the date of repayment."" (Doc. No. 149 at 21-22). She also claims to have ""signed [the] note in advance of the extensions of credit to show that there was a cap or ceiling on the credit she requested."" (Id. at 22). As such, Kryder asserts that ""the amount in controversy remains disputed."" (Id. ). Insofar as the $100,000 amount is concerned, the Court disagrees.
""If a contract is unambiguous, a court must interpret it as written and not in accordance with a party's unexpressed intent."" Williams v. Larry Stovesand Lincoln Mercury, Inc., 2014 WL 5308634, at *4 (Tenn. Ct. App. Oct. 15, 2014) (citing Pitt v. Tyree Org. Ltd., 90 S.W.3d 244, 253 (Tenn. Ct. App. 2002) and Sutton v. First Nat. Bank of Crossville, 620 S.W.2d 526 (Tenn. Ct. App.1981) ). ""In a dispute over the interpretation of a contract, [the court's] 'task is to ascertain the intention of the parties based upon the usual, natural, and ordinary meaning of the contract language.' "" Eagle CDI, Inc. v. Orr, 2017 WL 2350156, at *4-5 (Tenn. Ct. App. May 31, 2017) (quoting Kafozi v. Windward Cove, LLC, 184 S.W.3d 693, 698 (Tenn. Ct. App. 2005) ). ""Determining the intent of the parties is a question of law 'because the words of the contract are definite and undisputed, and in deciding the legal effect of the words, there is no genuine factual issue left' to be decided by the court.' "" Id. (quoting Planters Gin Co. v. Fed. Compress & Warehouse Co., Inc., 78 S.W.3d 885, 889-90 (Tenn. 2002) ). Moreover, because ""[i]t is a 'central tenet of contract construction' that the intent of the parties at the time of contract execution is dispositive,...[t]hat intent is 'presumed to be that specifically expressed in the body of the contract.' "" Id. (quoting Kafozi, 184 S.W.3d at 698 ).
""A Promissory Note is defined as 'an unconditional promise in writing to pay a person a sum of money,"" Williams, 2014 WL 5308634, at *9, and here the unconditional promise was for Kryder to pay Rogers $100,000. Not only does the figure ""$100,000"" appear immediately below the caption ""Promissory Note "", the Note states that, ""FOR VALUE RECEIVED,"" Kryder unequivocally ""promise[s] to pay to the order of JAMES KEMMLER ROGERS...the principal sum of One Hundred Thousand Dollars ($100,000.00) in legal tender of the United States[.]"" (Doc. No. 14-2 at 1).
The language ""to become outstanding"" that Kryder focuses on is in smaller font above the promise language and is written in the context of the consolidation of the two Notes: ""This note replaces a previous note dated January 15, 2010, in the amount of Fifty Thousand Dollars ($50,000) in order to reflect a total amount to become outstanding of One Hundred Thousand Dollars ($100,000)."" (Doc. No. 14-2 at 1). Read in context, the ""total amount to become outstanding"" refers to upping the Promissory Note from $50,000 to $100,000; it is not a suggestion that funds were to be forthcoming. Similarly, the term ""from the date of draw through the date of repayment"" does not suggest money that may or may not be forthcoming because there were two Promissory Notes with two different draw dates.
To the extent there is any ambiguity, Kryder admits that she is an attorney and prepared the Note. (Doc. No. 73, Answer ¶ 8). Because ""Tennessee courts adhere to the general rule that ambiguities in a contract are construed against the drafter,"" Dog House Investments, LLC v. Teal Properties, Inc., 448 S.W.3d 905, 913 (Tenn. Ct. App. 2014) (citing Ralph v. Pipkin, 183 S.W.3d 362, 367 (Tenn. Ct. App. 2005) ), Kryder cannot take advantage of the supposed ambiguity."
296 F.Supp.3d 892,1.3,k155,pos2,"Promise to Pay Principal ($100,000)",POSITIVE,step 1 — construed by the court,"Patricia Porter Kryder v. Jennifer Rogers-Etcheverry (as administrator of James Kemmler Rogers' estate) — dispute over the meaning of a $100,000 Promissory Note, in particular whether the ""total amount to become outstanding"" and ""from the date of draw through the date of repayment"" language made the principal amount and interest obligation a mere credit ceiling, plus the Note's security (deed of trust) and attorney's fee provisions.",296FSupp3d892_exhibit_promissory_note,output/contracts/296FSupp3d892_exhibit_promissory_note.md,10-10,296-688,"FOR VALUE RECEIVED, the undersigned, PATRICIA PORTER KRYDER (the Maker), promises to pay to the order of JAMES KEMMLER ROGERS, (together with any other lawful owners and Holders of this Note being herein collectively referred to as the ""Holder""), the principal sum of One Hundred Thousand Dollars (\$100,000.00) in legal tender of the United States, together with interest thereon as follows:",1.0,"""A Promissory Note is defined as 'an unconditional promise in writing to pay a person a sum of money,"" Williams, 2014 WL 5308634, at *9, and here the unconditional promise was for Kryder to pay Rogers $100,000. Not only does the figure ""$100,000"" appear immediately below the caption ""Promissory Note "", the Note states that, ""FOR VALUE RECEIVED,"" Kryder unequivocally ""promise[s] to pay to the order of JAMES KEMMLER ROGERS...the principal sum of One Hundred Thousand Dollars ($100,000.00) in legal tender of the United States[.]"" (Doc. No. 14-2 at 1).
The language ""to become outstanding"" that Kryder focuses on is in smaller font above the promise language and is written in the context of the consolidation of the two Notes: ""This note replaces a previous note dated January 15, 2010, in the amount of Fifty Thousand Dollars ($50,000) in order to reflect a total amount to become outstanding of One Hundred Thousand Dollars ($100,000)."" (Doc. No. 14-2 at 1). Read in context, the ""total amount to become outstanding"" refers to upping the Promissory Note from $50,000 to $100,000; it is not a suggestion that funds were to be forthcoming. Similarly, the term ""from the date of draw through the date of repayment"" does not suggest money that may or may not be forthcoming because there were two Promissory Notes with two different draw dates.
To the extent there is any ambiguity, Kryder admits that she is an attorney and prepared the Note. (Doc. No. 73, Answer ¶ 8). Because ""Tennessee courts adhere to the general rule that ambiguities in a contract are construed against the drafter,"" Dog House Investments, LLC v. Teal Properties, Inc., 448 S.W.3d 905, 913 (Tenn. Ct. App. 2014) (citing Ralph v. Pipkin, 183 S.W.3d 362, 367 (Tenn. Ct. App. 2005) ), Kryder cannot take advantage of the supposed ambiguity."
296 F.Supp.3d 892,1.3,k155,pos3,Interest Provision — 4% per annum from date of draw,POSITIVE,step 1 — construed by the court,"Patricia Porter Kryder v. Jennifer Rogers-Etcheverry (as administrator of James Kemmler Rogers' estate) — dispute over the meaning of a $100,000 Promissory Note, in particular whether the ""total amount to become outstanding"" and ""from the date of draw through the date of repayment"" language made the principal amount and interest obligation a mere credit ceiling, plus the Note's security (deed of trust) and attorney's fee provisions.",296FSupp3d892_exhibit_promissory_note,output/contracts/296FSupp3d892_exhibit_promissory_note.md,12-12,690-1112,"from the date of draw through the date of repayment, interest at four percent (4.00%) per annum on the outstanding unpaid principal balance until such principal is paid. Interest shall be payable monthly in arrears commencing thirty days after the date of first draw at a place designated by the Holder. All principal and unpaid interest shall be payable at a place designated by the Holder, on or before December 31, 2020",1.0,"Etcheverry has established all three elements of her breach of contract claim. First, the $100,000 Promissory Note was an agreement in writing signed by the parties sought to be bound. Second, Kryder did not perform under the contract because she indisputably made no interest payments after December 2011, even though the Promissory Note required ""from the date of draw through the date of repayment, interest at four percent (4.00%) per annum on the outstanding unpaid principal balance until such principal is paid in full."" (Doc. No. 70-2 at 2). Further, the Note required that it be secured by a Deed of Trust filed in the Giles County Registrar's Office, which has not occurred. Third, Etcheverry, as the administrator of her father's estate has shown harm because she has not received the interest payments and the loan is not secured by the property as promised.
Kryder does not argue that the Promissory Note was not a contract or that the Note did not require interest payments, or the filing of a deed of trust. She argues, instead, that the Note ""clearly focuses on amounts 'to become outstanding' in the future, and contemplates interest based on 'the date of draw through the date of repayment."" (Doc. No. 149 at 21-22). She also claims to have ""signed [the] note in advance of the extensions of credit to show that there was a cap or ceiling on the credit she requested."" (Id. at 22). As such, Kryder asserts that ""the amount in controversy remains disputed."" (Id. ). Insofar as the $100,000 amount is concerned, the Court disagrees.
""If a contract is unambiguous, a court must interpret it as written and not in accordance with a party's unexpressed intent."" Williams v. Larry Stovesand Lincoln Mercury, Inc., 2014 WL 5308634, at *4 (Tenn. Ct. App. Oct. 15, 2014) (citing Pitt v. Tyree Org. Ltd., 90 S.W.3d 244, 253 (Tenn. Ct. App. 2002) and Sutton v. First Nat. Bank of Crossville, 620 S.W.2d 526 (Tenn. Ct. App.1981) ). ""In a dispute over the interpretation of a contract, [the court's] 'task is to ascertain the intention of the parties based upon the usual, natural, and ordinary meaning of the contract language.' "" Eagle CDI, Inc. v. Orr, 2017 WL 2350156, at *4-5 (Tenn. Ct. App. May 31, 2017) (quoting Kafozi v. Windward Cove, LLC, 184 S.W.3d 693, 698 (Tenn. Ct. App. 2005) ). ""Determining the intent of the parties is a question of law 'because the words of the contract are definite and undisputed, and in deciding the legal effect of the words, there is no genuine factual issue left' to be decided by the court.' "" Id. (quoting Planters Gin Co. v. Fed. Compress & Warehouse Co., Inc., 78 S.W.3d 885, 889-90 (Tenn. 2002) ). Moreover, because ""[i]t is a 'central tenet of contract construction' that the intent of the parties at the time of contract execution is dispositive,...[t]hat intent is 'presumed to be that specifically expressed in the body of the contract.' "" Id. (quoting Kafozi, 184 S.W.3d at 698 ).
""A Promissory Note is defined as 'an unconditional promise in writing to pay a person a sum of money,"" Williams, 2014 WL 5308634, at *9, and here the unconditional promise was for Kryder to pay Rogers $100,000. Not only does the figure ""$100,000"" appear immediately below the caption ""Promissory Note "", the Note states that, ""FOR VALUE RECEIVED,"" Kryder unequivocally ""promise[s] to pay to the order of JAMES KEMMLER ROGERS...the principal sum of One Hundred Thousand Dollars ($100,000.00) in legal tender of the United States[.]"" (Doc. No. 14-2 at 1).
The language ""to become outstanding"" that Kryder focuses on is in smaller font above the promise language and is written in the context of the consolidation of the two Notes: ""This note replaces a previous note dated January 15, 2010, in the amount of Fifty Thousand Dollars ($50,000) in order to reflect a total amount to become outstanding of One Hundred Thousand Dollars ($100,000)."" (Doc. No. 14-2 at 1). Read in context, the ""total amount to become outstanding"" refers to upping the Promissory Note from $50,000 to $100,000; it is not a suggestion that funds were to be forthcoming. Similarly, the term ""from the date of draw through the date of repayment"" does not suggest money that may or may not be forthcoming because there were two Promissory Notes with two different draw dates.
To the extent there is any ambiguity, Kryder admits that she is an attorney and prepared the Note. (Doc. No. 73, Answer ¶ 8). Because ""Tennessee courts adhere to the general rule that ambiguities in a contract are construed against the drafter,"" Dog House Investments, LLC v. Teal Properties, Inc., 448 S.W.3d 905, 913 (Tenn. Ct. App. 2014) (citing Ralph v. Pipkin, 183 S.W.3d 362, 367 (Tenn. Ct. App. 2005) ), Kryder cannot take advantage of the supposed ambiguity."
296 F.Supp.3d 892,1.3,k155,pos4,Security by Deed of Trust,POSITIVE,step 1 — construed by the court,"Patricia Porter Kryder v. Jennifer Rogers-Etcheverry (as administrator of James Kemmler Rogers' estate) — dispute over the meaning of a $100,000 Promissory Note, in particular whether the ""total amount to become outstanding"" and ""from the date of draw through the date of repayment"" language made the principal amount and interest obligation a mere credit ceiling, plus the Note's security (deed of trust) and attorney's fee provisions.",296FSupp3d892_exhibit_promissory_note,output/contracts/296FSupp3d892_exhibit_promissory_note.md,16-16,1377-1628,"This note is to be secured in the amount of the principal and interest by a Deed of Trust on part of the same property conveyed to Maker by deed of record at Book 246, Page 760 in the Register's Office of Giles County, Tennessee, Map 29, Parcel 10.01.",1.0,"Here, Kryder clearly agreed to encumber specified property as security for her obligation under the Note, and money changed hands on the belief there would be compliance with that promise. Specifically, the Promissory Note provided:
This Note is to be secured in the amount of the principal and interest by a Deed of Trust on part of the same property conveyed to Maker by deed of record at Book 246, Page 760 in the Registrar's Office of Giles County, Tennessee, Map 29, Parcel 10.01.
(Doc. No. 14-2 at 1). Accordingly, Etcheverry is entitled to an equitable lien on that property to secure the interest that has not been paid, as well as the attorney's fees, court costs and other expenses that Kryder also agreed to pay should the Note be ""placed in the hands of an attorney for collection or attempting to collect the indebtedness evidenced hereby."" (Id. )."
296 F.Supp.3d 892,1.3,k155,pos5,Attorney's Fees and Collection Costs,POSITIVE,step 1 — construed by the court,"Patricia Porter Kryder v. Jennifer Rogers-Etcheverry (as administrator of James Kemmler Rogers' estate) — dispute over the meaning of a $100,000 Promissory Note, in particular whether the ""total amount to become outstanding"" and ""from the date of draw through the date of repayment"" language made the principal amount and interest obligation a mere credit ceiling, plus the Note's security (deed of trust) and attorney's fee provisions.",296FSupp3d892_exhibit_promissory_note,output/contracts/296FSupp3d892_exhibit_promissory_note.md,18-18,1630-1932,"The Maker agrees that if this Note is placed in the hands of an attorney for collection or attempting to collect the indebtedness evidenced hereby, the Maker shall pay, on demand, to the Holder hereof its reasonable attorney's fees, together with all court costs and other expenses paid by such Holder.",1.0,"(Doc. No. 14-2 at 1). Accordingly, Etcheverry is entitled to an equitable lien on that property to secure the interest that has not been paid, as well as the attorney's fees, court costs and other expenses that Kryder also agreed to pay should the Note be ""placed in the hands of an attorney for collection or attempting to collect the indebtedness evidenced hereby."" (Id. )."
296 F.Supp.3d 892,1.3,k155,neg1,Prepayment,NEGATIVE,step 2 — not disputed,"Patricia Porter Kryder v. Jennifer Rogers-Etcheverry (as administrator of James Kemmler Rogers' estate) — dispute over the meaning of a $100,000 Promissory Note, in particular whether the ""total amount to become outstanding"" and ""from the date of draw through the date of repayment"" language made the principal amount and interest obligation a mere credit ceiling, plus the Note's security (deed of trust) and attorney's fee provisions.",296FSupp3d892_exhibit_promissory_note,output/contracts/296FSupp3d892_exhibit_promissory_note.md,14-14,1114-1375,"Maker may prepay the principal hereof, in whole or in part, without penalty, at any time, and interest shall be due on all amounts so prepaid to the date of prepayment. All such prepayments shall be applied first against the interest and then against principal.",1.0,
296 F.Supp.3d 892,1.3,k155,neg2,Assignment,NEGATIVE,step 2 — not disputed,"Patricia Porter Kryder v. Jennifer Rogers-Etcheverry (as administrator of James Kemmler Rogers' estate) — dispute over the meaning of a $100,000 Promissory Note, in particular whether the ""total amount to become outstanding"" and ""from the date of draw through the date of repayment"" language made the principal amount and interest obligation a mere credit ceiling, plus the Note's security (deed of trust) and attorney's fee provisions.",296FSupp3d892_exhibit_promissory_note,output/contracts/296FSupp3d892_exhibit_promissory_note.md,20-20,1934-2097,"This Note may not be assigned, transferred, or sold by Maker without the express prior written consent of Holder, which consent shall not be unreasonably withheld.",1.0,
296 F.Supp.3d 892,1.3,k155,neg3,Governing Law,NEGATIVE,step 2 — not disputed,"Patricia Porter Kryder v. Jennifer Rogers-Etcheverry (as administrator of James Kemmler Rogers' estate) — dispute over the meaning of a $100,000 Promissory Note, in particular whether the ""total amount to become outstanding"" and ""from the date of draw through the date of repayment"" language made the principal amount and interest obligation a mere credit ceiling, plus the Note's security (deed of trust) and attorney's fee provisions.",296FSupp3d892_exhibit_promissory_note,output/contracts/296FSupp3d892_exhibit_promissory_note.md,22-22,2099-2165,This Note shall be governed by the laws of the State of Tennessee.,1.0,
