contract_id,citation,clause_id,clause_name,label,gold,pred,prob_cat1,prob_cat2,reasoning_cat1,reasoning_cat2,ok
610FSupp2d1129_144_pages,610 F.Supp.2d 1129,pos1,"Article IV, Section 1 — Termination of Agreement (para. A)",POSITIVE,risky_cat1,risky_cat2,0.34,0.58,"The wording itself is short and definite: an identified party, a defined trigger (""without cause""), a fixed notice period (90 days) and a required form (prior written notice). The only softness is that it is labelled paragraph ""A"" of a termination section and says nothing about the effect of termination on accrued pay, benefits or the pension contributions; but no single term in it carries two reasonable meanings. Modest probability only because ""without cause"" sits implicitly against a for-cause regime elsewhere and the paragraph does not say whether the 90-day notice can be shortened or paid out.","This clause is the hinge of the instrument's outward-pointing provisions and is hard to harmonise with several of them. Article I fixes a definite term running from October 5, 2002 ""through October 4, 2007,"" and Article II fixes a five-year maximum payable; a unilateral at-will exit conflicts in operation with that fixed-term structure. Article IV Section 3 supplies a review and appeal process for ""corrective action or terminat[ion] for cause,"" Article V Section 13 permits immediate termination on restriction of medical staff privileges, and Article V Section 15 gives the County a separate 30-day non-appropriation termination right — so termination rights are scattered across Articles IV and V without any priority or ""notwithstanding"" language reconciling them, and this paragraph (A) plainly presupposes companion paragraphs it does not reproduce. That is a genuine whole-instrument coherence problem about who may end the contract, on what notice, and with what review.",1
610FSupp2d1129_144_pages,610 F.Supp.2d 1129,pos2,"Article V, Section 11 — Enforcement of Remedies",POSITIVE,risky_cat1,risky_cat1,0.5,0.47,"Two textual features raise the risk. First, the cumulation language is entirely one-sided: it preserves only rights ""conferred on or reserved to County,"" saying nothing about the physician's remedies, so a court is invited to read it as excluding (expressio unius) or as merely silent about the physician's remedies. Second, the catch-all string — ""any other right or remedy herein or by law or equity provided or permitted ... now or hereafter existing by law or in equity or by statute or otherwise"" — ends in an open ""or otherwise"" whose reach against the enumerated sources is uncertain. Those are namable general-vs-specific and one-sided-drafting tensions, though the sentence's core meaning (remedies are cumulative, not exclusive) is clear.","The clause exposes conflict with the instrument's other remedial machinery. Article IV Section 3 channels ""review and appeal of the decision to impose corrective action or terminate for cause"" into the Faculty Practice Board policy or the medical staff bylaws — a procedure that reads as the applicable route, while this section preserves every remedy ""concurrently"" and thus arguably lets the County bypass it. It also overlaps with Article V Section 17 (non-waiver), which separately says the County may ""invoke any remedy available ... under this Agreement or by law or in equity,"" duplicating and potentially varying this section. Its County-only orientation also sits awkwardly with Article V Section 4's instruction that the Agreement be construed as jointly prepared and against neither party.",1
610FSupp2d1129_144_pages,610 F.Supp.2d 1129,neg1,Recital A,NEGATIVE,not_risky,not_risky,0.12,0.32,"A short authority recital with a specific statutory citation (Government Code section 31000) and a definite object (contracting with specially trained persons and paying compensation). ""Specially trained persons"" is a statutory phrase, not an ambiguity the parties created. Nothing in the wording is genuinely susceptible of two meanings.","Government Code section 31000 is the authority for contracting for special services, which conventionally connotes an independent contract rather than employment; yet Article V Section 10 states flatly that ""Core Physician shall be employed by the County of Kern,"" and Article III confers County employee-style benefits, leave, pension and health insurance. That is a recital-versus-operative-terms tension over the very nature of the relationship, which is why I put this above the boilerplate baseline, though a court could easily harmonise the two by treating section 31000 as bare authority.",1
610FSupp2d1129_144_pages,610 F.Supp.2d 1129,neg2,Recital B,NEGATIVE,not_risky,not_risky,0.1,0.12,"A purpose recital in plain terms: the County needs professional medical services at KMC unavailable from its own resources. ""Unavailable from County resources"" is a factual predicate, not an operative standard anyone must apply, so vagueness carries no consequence here.","Nothing in the recital points outward except to the services promised in Article I Section 2 and Exhibit A, with which it is consistent. No cross-reference, proviso or carve-out that could contradict another provision.",1
610FSupp2d1129_144_pages,610 F.Supp.2d 1129,neg3,Recital C,NEGATIVE,not_risky,not_risky,0.1,0.12,"A qualifications recital followed by the ""NOW, THEREFORE"" transition. Every element (special training, California licensure, qualification to render medical services) is definite and verifiable; no term bears competing meanings.",Consistent with Article V Section 8 (maintaining state and federal licensure) and Article V Section 13 (medical staff membership requirements). Nothing here contradicts an operative term.,1
610FSupp2d1129_144_pages,610 F.Supp.2d 1129,neg4,"Article I, 1. TERM",NEGATIVE,not_risky,not_risky,0.11,0.24,"Dates and identifiers are wholly specific: the prior agreement is identified by number and date and terminated effective October 5, 2002, and this Agreement runs from October 5, 2002 through October 4, 2007. No ambiguous term.","The fixed five-year term is in tension with Article IV Section 1.A's at-will 90-day termination right and with the various other termination triggers (Article V Sections 13 and 15), but a court would ordinarily read a term clause as subject to express termination rights, so the tension lies mainly on the termination clause's side rather than here. Otherwise it dovetails with Article II Section 1's five-year maximum payable.",1
610FSupp2d1129_144_pages,610 F.Supp.2d 1129,neg5,"Article I, 2. SERVICES",NEGATIVE,not_risky,not_risky,0.12,0.15,"One sentence incorporating Exhibit ""A"" by express reference and attachment. Definite; the content is delegated to a document expressly made part of the Agreement.","It points outward only to Exhibit A, which is supplied and is consistent in subject matter, and to Article V Section 22's confirmation that attachments are part of the entire agreement. The only latent friction is that Exhibit A's hours (48/week) differ from Article II Section 1's ""no less than forty [40] hours,"" but that mismatch is properly charged to those provisions, not to this incorporation clause.",1
610FSupp2d1129_144_pages,610 F.Supp.2d 1129,neg6,"Article II, 1. SALARY (BASE)",NEGATIVE,not_risky,risky_cat2,0.36,0.5,"The dollar figures, biweekly cadence and caps are precise. The soft spot is the parenthetical definition of full-time: ""according to AMA survey data for specialty but no less than forty [40] hours per week"" — an external, unidentified data set combined with a floor, so the actual required commitment is not fixed by the text. There is also an internal slip: compensation is set biweekly yet withholding is described as taken ""from said daily compensation."" Those are namable, though neither is fatal.","The 40-hour floor here squarely collides with Exhibit A's introductory paragraph (""full-time position requiring 48 hours of service, on average, per week"") and Exhibit A Section 6 (""A standard workweek will be 48 hours per week ... 2112 worked hours""). Exhibit A is made part of the Agreement by Article I Section 2, so two operative provisions fix the same variable at different numbers. The clause also cross-refers to ""base compensation (as defined in Article II, Section 3)"" while Article II Section 2.B builds total compensation from three sources, and paragraph C's no-adjustment-without-written-amendment rule sits against Article II Sections 2.F and 3.B, which let the Faculty Practice Board set assessments and step placement administratively.",1
610FSupp2d1129_144_pages,610 F.Supp.2d 1129,neg7,"Article II, 2. OVERALL COMPENSATION STRUCTURE",NEGATIVE,not_risky,not_risky,0.32,0.34,"Mostly definitional and architectural, and the defined labels (total Core Physician compensation, compensation plan, Faculty Practice Board) are expressly created. Softness: ""potential other income generated due to the individual's status as a physician"" is open-ended; the administrative assessment is capped at one percent only ""during the first two years of this Agreement,"" leaving years three through five without any stated limit; and paragraph G's liability coverage carve-out for conduct that does not ""arise directly from the performance of this Agreement"" turns on an undefined directness standard.","It cross-refers to itself (""as defined in Article II, Section 2, paragraph B"") and interlocks with Sections 3, 4, 5 and 9, and it delegates rule-making to Faculty Practice Board bylaws and the Administrative Policies and Procedures Manual — documents outside the four corners, which strains Article V Section 22's sole-agreement clause and Article V Section 14's written-modification requirement. Paragraph G's indemnity is also framed ""as a matter of law ... to the same extent as ... a regular full-time County employee,"" which leans on the employment characterisation that Recital A (Gov. Code § 31000 special services) cuts against.",1
610FSupp2d1129_144_pages,610 F.Supp.2d 1129,neg8,"Article II, 3. BASE SALARY (ITEMS INCLUDED AND METHOD OF PAYMENT)",NEGATIVE,not_risky,not_risky,0.3,0.33,"The enumerated components of base salary are specific (MIA care with a statutory citation, incarcerated patients, teaching, administration), but the list closes with ""other activities approved by the CEO of KMC and the Faculty Practice Board,"" an unbounded fifth item whose reach against the four specifics is uncertain; ""as a safety-net provider, partial compensation for under-compensated and uninsured patients"" is also indeterminate as to amount. ""Full-effort commitment"" is used as a governing measure but its criteria are left to a manual.","Step placement, full-effort criteria and research compensation are all sent to the ""KMC Faculty Practice Administrative Policies and Procedures Manual,"" an extrinsic document not attached, which is in tension with Article V Section 22 (entire agreement, including attachments) and Article V Section 14 (modification only in a signed writing). It also interacts with Article II Section 1's fixed biweekly figure and no-adjustment-without-amendment rule, since manual-driven step changes would alter base salary administratively.",1
610FSupp2d1129_144_pages,610 F.Supp.2d 1129,neg9,"Article II, 4. PROFESSIONAL FEES",NEGATIVE,not_risky,not_risky,0.17,0.2,"A detailed, sequenced flow of funds (gross collections to clearing account, less assessment, less overhead, optional departmental pool, remainder as wages). Terms are defined as used and the deduction order is stated. ""Minimum performance standards set by the Faculty Practice Board"" and the ""overhead distribution formula"" are delegated but identified.","It dovetails with Article II Sections 2, 6, 7, 8 and 9 and with Article III Section 9.D's cross-reference back to it. The only outward strain is the same delegation to Faculty Practice Board determinations that sits against the written-amendment clause; no direct contradiction is visible.",1
610FSupp2d1129_144_pages,610 F.Supp.2d 1129,neg10,"Article II, 5. OTHER INCOME",NEGATIVE,not_risky,not_risky,0.33,0.26,"The catch-all is genuinely awkward: other income ""includes, but is not limited to, royalties, grants, speaker fees, professional witness fees, and other nonprofessional fees."" The residual category is labelled ""nonprofessional"" although several enumerated items are professional in character, so the boundary between this category and the ""professional fees"" of Section 4 is not cleanly drawn. ""Income generated due to the individual's status as a physician"" is itself a broad test.","""Professional witness fees"" as compensable other income sits uneasily with Article V Section 2, which requires the physician to testify for the County ""at no cost to County,"" credited only as administrative time. It also must be read against Section 4 (professional fees) since the two categories are mutually defined; paragraph C's CMERF carve-out is expressly reconciled with the assessment rule.",1
610FSupp2d1129_144_pages,610 F.Supp.2d 1129,neg11,"Article II, 6. PRACTICE GROUPS",NEGATIVE,not_risky,not_risky,0.14,0.16,"Short and definite: practice groups contract with KMC, those contracts define responsibilities and funds flow, groups pay their own overhead and set their own reimbursement policies, and the County disclaims responsibility for the amounts claimed. No ambiguous operative term.","It coordinates with Article II Sections 4, 7 and 8, which likewise distinguish practice groups from sole practitioners. Nothing points to a contradiction, though it presupposes a separate group contract that is not before me.",1
610FSupp2d1129_144_pages,610 F.Supp.2d 1129,neg12,"Article II, 7. SOLE PRACTITIONERS",NEGATIVE,not_risky,not_risky,0.15,0.16,"Defines sole practitioners, allocates billing cost and overhead to them, and disclaims County responsibility. Paragraph B leaves the overhead amount for KMC space and personnel ""to be negotiated with the CEO of KMC"" — an agreement to agree, but expressly framed as future negotiation rather than a present ambiguous obligation.","Consistent with Article II Sections 4, 6 and 8, which use the same categories. No contradiction is exposed by its text.",1
610FSupp2d1129_144_pages,610 F.Supp.2d 1129,neg13,"Article II, 8. OTHER CORE PHYSICIANS",NEGATIVE,not_risky,not_risky,0.13,0.15,"One sentence covering the residual class of Core Physicians and assigning them the cost of billing. The class is defined by exclusion from the two categories already defined, so its boundary is determinate.",Slots cleanly between Sections 6 and 7; nothing outward-pointing beyond the billing service arrangement of Section 4.,1
610FSupp2d1129_144_pages,610 F.Supp.2d 1129,neg14,"Article II, 9. DEPARTMENTAL POOL",NEGATIVE,not_risky,not_risky,0.15,0.16,"Definite mechanics: annual opt-in by simple majority of the Department's Core Physicians, criteria approved by the Faculty Practice Board, percentage set yearly, quarterly distribution as taxable wages. The purpose phrase (""activities not recognized by other parts of this compensation plan"") is broad but is descriptive, not operative.","Expressly consistent with Article II Section 4.D, which already contemplates the optional Departmental Pool in the professional-fee waterfall. No conflict apparent.",1
610FSupp2d1129_144_pages,610 F.Supp.2d 1129,neg15,"Article III, 1. EFFECTIVE DATE OF BENEFITS",NEGATIVE,not_risky,not_risky,0.18,0.2,"A single-purpose rule fixing the benefits accrual date as the date first ""continuously employed by KMC."" ""Continuously"" could be argued over if service had gaps, but the sentence is otherwise definite and expressly overrides the contract date.","It deliberately decouples the benefits date from the Article I term dates and dovetails with Article III Section 3's references to prior County service (vacation and sick leave crediting ""if Core Physician is presently employed by the County of Kern""). That is harmonisation, not conflict.",1
610FSupp2d1129_144_pages,610 F.Supp.2d 1129,neg16,"Article III, 2. HEALTH INSURANCE",NEGATIVE,not_risky,not_risky,0.14,0.22,"Definite: the benefits provided to other regular County employees of KMC, with a stated 20% employee cost share for those hired after April 15, 1997, and an express statement that changes are not a breach. No ambiguous term of consequence.","The unilateral-change permission, expressly deemed not a breach, is in mild tension with Article V Section 14 (modification only by signed writing) and Article V Section 22 (sole agreement), but the clause self-consciously anticipates that point by declaring such changes non-breaching, which is how the parallel Sections 4, 7 and 8 of Article III are drafted too.",1
610FSupp2d1129_144_pages,610 F.Supp.2d 1129,neg17,"Article III, 3. PAID LEAVE OF ABSENCE",NEGATIVE,not_risky,not_risky,0.15,0.24,"Highly quantified: accrual rates per pay period, annual and lifetime caps, payment for unused vacation but not sick leave, and advance approval for education leave. The terms are arithmetically definite and internally consistent.","Educational leave is credited by reference to ""the effective date of the Core Physician's employment contract"" and its anniversaries, whereas Article III Section 1 fixes the benefits date as the date of first continuous KMC employment — two different reference dates for accrual within the same Article. The paid-leave hours also interact with the 2112-hour annual objective in Exhibit A Section 6. Both are reconcilable, so I keep this modest.",1
610FSupp2d1129_144_pages,610 F.Supp.2d 1129,neg18,"Article III, 4. UNPAID LEAVE OF ABSENCE",NEGATIVE,not_risky,not_risky,0.12,0.18,"Grants the same unpaid leave rights County policy gives other regular County employees, with an express non-breach provision for policy changes. Short and determinate.","Same structural pattern as Article III Sections 2, 7 and 8; the only outward friction is the standing tension between County-policy incorporation and the written-modification and sole-agreement clauses, which the non-breach sentence expressly addresses.",1
610FSupp2d1129_144_pages,610 F.Supp.2d 1129,neg19,"Article III, 5. RETIREMENT PLAN",NEGATIVE,not_risky,not_risky,0.24,0.38,"Very long but unusually specific: named plan, precise percentages, a full fixed-dollar contribution table keyed to prior-year Compensation bands, statutory limit references, and a stated correction mechanism for excess contributions. Terms like ""Compensation,"" ""Plan year"" and ""complete Plan year of service"" are expressly defined by reference to the Plan Document. Residual softness lies in paragraph C's reservation to ""substitute another contribution structure ... designed to maximize benefit to Core Physician on a cost-neutral basis,"" a standard with no measurable boundary.","Twice the section states ""Any changes in the Plan Document will control the terms of this Agreement,"" and paragraph C lets a substitute structure ""control the terms of this Agreement."" That is a self-declared priority for an extrinsic, unilaterally amendable document, which sits directly against Article V Section 14 (modification in writing only, signed by the parties) and Article V Section 22 (sole agreement; no modification given force except as recited). It also removes the physician from the County retirement association referenced nowhere else and interlocks with Article III Section 6's Social Security exemption, which depends on the Plan remaining a qualified alternative.",1
610FSupp2d1129_144_pages,610 F.Supp.2d 1129,neg20,"Article III, 6. SOCIAL SECURITY AND MEDICARE TAXES",NEGATIVE,not_risky,not_risky,0.16,0.24,"Two declaratory sentences with a fixed date cut-off (March 31, 1986) for the Medicare exemption. The statement of exemption is a legal conclusion rather than a promise, but its wording is not ambiguous.","Its premise — that the Kern County Pension Plan for Physician Employees remains ""a qualified alternative"" — depends on Article III Section 5, which allows the Plan Document to be amended and restated subject to IRS determination; if that changed, this statement would no longer hold. It also sits beside Article II Section 1's promise that the County will pay the employer's hospital-insurance portion of Social Security (""FICA 2""), which a reader must reconcile with the blanket statement of exemption from Social Security taxes.",1
610FSupp2d1129_144_pages,610 F.Supp.2d 1129,neg21,"Article III, 7. DEFERRED COMPENSATION PLAN",NEGATIVE,not_risky,not_risky,0.11,0.17,"Eligibility on the same basis as full-time County employees, with an express non-breach provision for plan changes. Definite.","Parallel in form to Article III Sections 2, 4 and 8; the only outward strain is the familiar unilateral-change point already neutralised by the non-breach sentence. Nothing contradicts Article III Section 5, which excludes only other retirement plans, not deferred compensation.",1
610FSupp2d1129_144_pages,610 F.Supp.2d 1129,neg22,"Article III, 8. KERN$FLEX PLAN",NEGATIVE,not_risky,not_risky,0.11,0.15,"Identical drafting pattern to the deferred compensation section; eligibility, same-basis benchmark, unilateral change with non-breach language. No ambiguous term.",No cross-reference that could conflict; consistent with the rest of Article III.,1
610FSupp2d1129_144_pages,610 F.Supp.2d 1129,neg23,"Article III, 9. EXPENSE REIMBURSEMENT",NEGATIVE,not_risky,not_risky,0.22,0.2,"Paragraphs C, D and E are precise (a $20,000 moving cap, three-bid procedure, express cross-references). Paragraphs A and B use ""approved and necessary expenditures,"" a standard requiring judgment, and A imposes a $2,500 annual cap while B, for education and training ""as directed by KMC,"" carries no cap — a difference that could be argued over but is explicable by the different triggers.","Paragraphs D and E cross-refer accurately to Article II Sections 4 and 5, which do contain the professional-fee overhead deduction and other-income expense reimbursement mechanisms. Paragraph A's education reimbursement pairs with Article III Section 3.D's education leave. The references check out; nothing contradicts.",1
610FSupp2d1129_144_pages,610 F.Supp.2d 1129,neg24,"Article IV, 3. REVIEW AND APPEAL PROCESS",NEGATIVE,not_risky,not_risky,0.4,0.33,"The operative choice of forum is left to ""the KMC Faculty Practice Board policy and procedure, titled Corrective Action and Termination Review Process, or the medical staff bylaws, whichever is applicable."" The disjunction plus ""whichever is applicable"" supplies no criterion for deciding which regime governs a given decision, and the two regimes could well differ in procedure and outcome. That is a namable indeterminacy in a provision that fixes a physician's due-process rights.","It presupposes an Article IV corrective-action/for-cause termination provision not reproduced here, and it must be squared with Article V Section 11, which preserves to the County every remedy ""concurrently"" and non-exclusively — a reader could take Section 11 to let the County act outside this review process. Article V Section 13's immediate-termination-on-privilege-restriction right also bypasses it. Both are reconcilable but not obviously so.",1
610FSupp2d1129_144_pages,610 F.Supp.2d 1129,neg25,"Article V, 1. ASSIGNMENT",NEGATIVE,not_risky,not_risky,0.12,0.13,"A conventional two-sentence anti-assignment clause with an express consent carve-out for money due. ""Or any part thereof"" is standard and bounded by the preceding nouns.","Nothing points outward; the direction of payments to practice groups under Article II Section 4.E is a directed distribution by the Plan Administrator rather than an assignment, so no evident conflict.",1
610FSupp2d1129_144_pages,610 F.Supp.2d 1129,neg26,"Article V, 2. ASSISTANCE IN LITIGATION",NEGATIVE,not_risky,not_risky,0.3,0.31,"The clause both requires availability ""at no cost to County"" and then promises that KMC ""will credit the time spent in preparation and testimony as administrative time as defined in the compensation plan"" — administrative time being a compensated component of base salary under Article II Section 3.A(4). The two halves of the same short paragraph pull against each other on whether the service is free. ""Available ... to testify as an expert witness or otherwise"" is also broad.","It cross-references ""administrative time as defined in the compensation plan,"" i.e., Article II Sections 2 and 3, under which administrative duties are compensated by base salary; and Article II Section 5.A treats ""professional witness fees"" as compensable other income. The interaction of a no-cost testimony obligation with those compensation provisions is the identifiable friction.",1
610FSupp2d1129_144_pages,610 F.Supp.2d 1129,neg27,"Article V, 3. AUTHORITY TO BIND COUNTY",NEGATIVE,not_risky,not_risky,0.11,0.18,"A single clear negation of agency authority covering ""any and all duties under this Agreement."" No competing reading of any term.","Slight friction with Exhibit A, which makes the physician a department chairman who oversees budgets, negotiates with billing services and sits on the Medical Executive Committee and Faculty Practice Board — roles that involve institutional decision-making — but those duties are internal governance rather than binding the County to third parties, so the two harmonise readily.",1
610FSupp2d1129_144_pages,610 F.Supp.2d 1129,neg28,"Article V, 4. CAPTIONS AND INTERPRETATION",NEGATIVE,not_risky,not_risky,0.12,0.2,"Two conventional interpretive rules stated without qualification: headings disregarded, no construction against the drafter, deemed jointly prepared. Definite in operation.","It disclaims contra proferentem while other provisions (Article V Section 11's County-only remedies clause, Section 17's County-only waiver clause) are drafted entirely in the County's favour; that makes the joint-preparation premise harder to sustain but does not contradict any operative term. Article V Section 20's recital of equal bargaining and independent review is consistent with it.",1
610FSupp2d1129_144_pages,610 F.Supp.2d 1129,neg29,"Article V, 5. CHOICE OF LAW/VENUE",NEGATIVE,not_risky,not_risky,0.1,0.12,"California law, performance in Kern County, venue in Kern County — all fixed and mutually consistent. No ambiguous term.","Nothing outward-pointing beyond the general references to California law elsewhere (Gov. Code sections in Recital A and Article V Section 6), with which it is consistent.",1
610FSupp2d1129_144_pages,610 F.Supp.2d 1129,neg30,"Article V, 6. CONFLICT OF INTEREST",NEGATIVE,not_risky,not_risky,0.14,0.2,"Specific statutory references (Gov. Code §§ 1090 et seq., 87100 et seq.), a present representation of no known interest, and a defined consequence (immediate termination on written notice) if an interest existed at inception. Determinate.","It creates yet another termination right outside Article IV's termination section, alongside Article V Sections 13 and 15; the proliferation is untidy but each trigger is distinct and expressly stated, so harmonisation is straightforward.",1
610FSupp2d1129_144_pages,610 F.Supp.2d 1129,neg31,"Article V, 7. COMPLIANCE WITH KMC AND COUNTY POLICIES",NEGATIVE,not_risky,not_risky,0.26,0.24,"""All applicable KMC and County policies and procedures"" is broad and its content is set unilaterally elsewhere, and the office-policy sentence uses an open ""including, but not limited to"" list (orientation, case conferences, supervision, in-service education, patients' rights, performance improvement). The final sentence's obligation to submit to ""other laboratory testing and physical examinations as may be required by County"" is similarly open-ended. These are namable general-vs-specific features, though ordinary in an employment instrument.","It incorporates unwritten and changeable County/KMC policy, which sits against Article V Section 22's sole-agreement clause and Article V Section 14's written-modification requirement; the daily time-sheet requirement also interacts with the hours provisions in Article II Section 1 (40 hours) and Exhibit A Sections 6 (48 hours), where the real inconsistency lies.",1
610FSupp2d1129_144_pages,610 F.Supp.2d 1129,neg32,"Article V, 8. COMPLIANCE WITH LAW",NEGATIVE,not_risky,not_risky,0.22,0.15,"The obligation is to obey ""all applicable"" law, followed by an ""including but not limited to"" list of named regimes (JCAHO, Title 22, EMTALA, HIPAA, Cal-OSHA and others). The general duty precedes the specifics, so the catch-all problem is muted — the enumeration illustrates rather than limits — but the phrase ""County personnel qualifications for the practice of medicine"" is an undefined standard set unilaterally.",Consistent with Recital C and Article V Section 13 on licensure and staff membership. Nothing here contradicts another provision.,1
610FSupp2d1129_144_pages,610 F.Supp.2d 1129,neg33,"Article V, 9. COUNTERPARTS",NEGATIVE,not_risky,not_risky,0.07,0.08,"Pure execution boilerplate with a single, settled meaning.",No cross-reference and no possible interaction that could generate inconsistency.,1
610FSupp2d1129_144_pages,610 F.Supp.2d 1129,neg34,"Article V, 10. EMPLOYMENT STATUS",NEGATIVE,not_risky,not_risky,0.18,0.4,"Two definite propositions: employment by the County under this Agreement and the medical staff bylaws, and an acknowledgment of no classified-employee or Civil Service rights. The terms ""classified employee"" and ""Civil Service Ordinance"" are external but well-defined public-law categories.","This is the clause where the instrument's characterisation problem surfaces. Recital A grounds the contract in Government Code section 31000, the authority to contract with specially trained persons for special services, while this section declares an employment relationship; Article II Section 2.G promises defence and indemnity ""as a matter of law ... to the same extent as would be afforded to a regular full-time County employee""; Article III grants County employee benefits; yet Article IV Section 3 routes discipline through Faculty Practice Board policy or medical staff bylaws rather than County personnel process. Whether the physician is an employee, and with which employee incidents, cannot be settled from any one of these, which is a genuine whole-instrument coherence question.",1
610FSupp2d1129_144_pages,610 F.Supp.2d 1129,neg35,"Article V, 12. MEDICAL RECORDS",NEGATIVE,not_risky,not_risky,0.14,0.13,"Ownership is fixed in the County; the physician's inspection and duplication right is bounded by stated purposes (professional responsibilities, defence of claims) and by applicable law and confidentiality standards. The qualifiers are conventional and workable.",Consistent with Article V Section 8's HIPAA compliance obligation and Article V Section 2's litigation-assistance duty. Nothing indicates conflict.,1
610FSupp2d1129_144_pages,610 F.Supp.2d 1129,neg36,"Article V, 13. MEDICAL STAFF MEMBERSHIP",NEGATIVE,not_risky,not_risky,0.29,0.4,"The termination sentence is in the passive voice — ""This Agreement may be immediately terminated if Core Physician's privileges/membership are modified or restricted"" — leaving the actor unstated, and the trigger is broad: any modification or restriction ""such that services performed by Core Physician are limited or restricted,"" without a materiality threshold. The credentialing checklist in (a)–(d) is by contrast entirely specific.","It plants an immediate, notice-free termination right outside Article IV, which otherwise governs termination and, through Section 3, supplies a review and appeal process for corrective action and for-cause termination under the medical staff bylaws. Since bylaws-based restriction of privileges is precisely what Article IV Section 3's appeal machinery addresses, an immediate termination on that same event is difficult to reconcile with the review right, and it also cuts against Article IV Section 1's notice regime.",1
610FSupp2d1129_144_pages,610 F.Supp.2d 1129,neg37,"Article V, 14. MODIFICATIONS OF AGREEMENT",NEGATIVE,not_risky,not_risky,0.09,0.16,"One sentence requiring written, signed modifications. Standard and unambiguous.","It is contradicted in operation by several provisions that allow unilateral change without an amendment: Article III Section 5's ""[a]ny changes in the Plan Document will control the terms of this Agreement,"" Article III Sections 2, 4, 7 and 8's unilateral benefit changes deemed ""not a breach,"" and Article II Sections 2.F and 3.B's Board-set assessments and criteria. Those clauses expressly authorise their own variation, so the friction is best charged to them; hence a low-moderate score here.",1
610FSupp2d1129_144_pages,610 F.Supp.2d 1129,neg38,"Article V, 15. NON-APPROPRIATION",NEGATIVE,not_risky,not_risky,0.31,0.28,"The trigger is oddly compound: termination ""in the event insufficient funds are appropriated or budgeted for this Agreement in any fiscal year due to closing of a clinical department or KMC."" It is unclear whether the closure limb qualifies the whole trigger (so ordinary budget shortfalls do not suffice) or merely illustrates a cause, and ""insufficient funds ... for this Agreement"" is not tied to any measurable appropriation line. The release language and 30-day notice are, by contrast, precise.","It supplies a County termination right and notice period (30 days) different from Article IV Section 1.A's 90-day physician right and separate from Article V Sections 6 and 13's immediate-termination triggers, with no ordering provision among them. It also caps the County's exposure against Article II Section 1's stated five-year maximum payable. Reconcilable, but the termination architecture is scattered.",1
610FSupp2d1129_144_pages,610 F.Supp.2d 1129,neg39,"Article V, 16. NON-DISCRIMINATION",NEGATIVE,not_risky,not_risky,0.28,0.18,"The first sentence promises compliance with all anti-discrimination law and County policy; the second then enumerates protected categories — race, color, national origin, age, religion, marital status, sexual preference — omitting sex and disability, which the incorporated laws plainly cover. That is a specific list narrower than the general obligation preceding it, inviting an expressio unius argument about the contractual (as opposed to statutory) promise.","Article V Section 8 already requires compliance with EEOC, FEHA and HIPAA obligations, which cover the omitted categories, so the general legal duty is preserved elsewhere; the mismatch is a drafting inelegance rather than a contradiction of another operative term.",1
610FSupp2d1129_144_pages,610 F.Supp.2d 1129,neg40,"Article V, 17. NON-WAIVER",NEGATIVE,not_risky,not_risky,0.26,0.24,"The clause is one-sided in a way that produces an odd literal reading: ""No covenant or condition of this Agreement can be waived except by the written consent of County"" makes even the County's own obligations waivable only by the County, and the forbearance sentence runs solely against the physician. That is the kind of one-directional drafting that generates a construed-against-the-drafter argument, though Article V Section 4 disclaims that canon.","It duplicates and slightly extends Article V Section 11's remedies language (""entitled to invoke any remedy available to County under this Agreement or by law or in equity""), so the two must be read together; and its County-only orientation sits against Article V Section 4's joint-preparation premise and Section 20's equal-bargaining recital. No outright contradiction.",1
610FSupp2d1129_144_pages,610 F.Supp.2d 1129,neg41,"Article V, 18. NOTICES",NEGATIVE,not_risky,not_risky,0.1,0.14,"Methods of delivery, deemed-receipt rules (immediately for personal delivery, four days after deposit for mail or express) and named addresses are all fixed, with a stated mechanism for changing addresses. Definite.","It supplies the notice machinery relied on by Article IV Section 1.A (90 days' prior written notice), Article V Section 6 and Article V Section 15 (30 days' written notice); those references are consistent with it. Nothing contradicts.",1
610FSupp2d1129_144_pages,610 F.Supp.2d 1129,neg42,"Article V, 19. PROFESSIONAL RESPONSIBILITIES",NEGATIVE,not_risky,not_risky,0.16,0.13,"A performance standard clause keyed to ""accepted professional and ethical standards of the medical profession"" and the medical staff bylaws — a general standard, but one with a recognised external content, and the sort of formulation courts apply routinely rather than treat as ambiguous.","Consistent with Recital C, Article V Sections 8 and 13, and Exhibit A's duties. No conflict indicated.",1
610FSupp2d1129_144_pages,610 F.Supp.2d 1129,neg43,"Article V, 20. RELATIONSHIP",NEGATIVE,not_risky,not_risky,0.14,0.2,"A recital-style acknowledgment of specialised services, mutual legal sophistication, arm's-length bargaining and independent review. It creates no obligation whose boundary must be applied, so vagueness has little bite.","Its heading (""RELATIONSHIP"") would ordinarily fix the parties' legal relationship, which Article V Section 10 actually does and which Recital A frames differently under Government Code section 31000; a reader looking here for the employment/independent-contractor characterisation finds only bargaining recitals. The equal-bargaining premise also supports Article V Section 4's no-contra-proferentem rule, so the two are aligned rather than in conflict.",1
610FSupp2d1129_144_pages,610 F.Supp.2d 1129,neg44,"Article V, 21. SEVERABILITY",NEGATIVE,not_risky,not_risky,0.13,0.13,Standard severability with the usual proviso that the remainder must still substantially constitute the intended agreement. The proviso requires judgment but is conventional and its operation is understood.,Nothing points outward beyond its general application to every provision; no conflict identified.,1
610FSupp2d1129_144_pages,610 F.Supp.2d 1129,neg45,"Article V, 22. SOLE AGREEMENT",NEGATIVE,not_risky,not_risky,0.14,0.3,"A conventional integration clause: entire agreement including attachments, no inducements or representations other than those recited, no oral promise or modification effective. Determinate on its face.","The instrument repeatedly incorporates and subordinates itself to documents that are not attachments — the KMC Faculty Practice Administrative Policies and Procedures Manual (Article II Section 3.B), Faculty Practice Board bylaws and assessments (Article II Section 2), the Pension Plan Document, which is said to ""control the terms of this Agreement"" when amended (Article III Section 5), County policies (Article III Sections 2, 4, 7, 8 and Article V Section 7), and the medical staff bylaws (Article V Sections 10 and 13). An entire-agreement clause that co-exists with several externally controlling documents is the identifiable tension, though courts routinely harmonise express incorporation with integration language.",1
610FSupp2d1129_144_pages,610 F.Supp.2d 1129,neg46,"Exhibit ""A"" – Job Description, introductory paragraph",NEGATIVE,not_risky,not_risky,0.22,0.44,"Definite as to role (medical director for anatomic pathology and clinical laboratories), reporting line (KMC Medical Director) and time commitment (48 hours of service, on average, per week). ""On average"" is softening but is given content by Exhibit A Section 6's 2112-hour annual objective.","The 48-hour figure directly diverges from Article II Section 1.A, which defines the same full-time commitment as ""according to AMA survey data for specialty but no less than forty [40] hours per week"" and fixes compensation on that basis. Exhibit A is made part of the Agreement by Article I Section 2 and Article V Section 22, so two operative texts state different weekly hours for the identical position. The reporting line to the Medical Director also sits alongside Article II Sections 2 and 3, which give the CEO and Faculty Practice Board authority over duties and compensation.",1
610FSupp2d1129_144_pages,610 F.Supp.2d 1129,neg47,"Exhibit ""A"", 1. Administrative responsibilities",NEGATIVE,not_risky,not_risky,0.29,0.22,"Sub-paragraphs a–c are tied to identifiable external standards (federal and state clinical laboratory regulation, CAP and AABB accreditation, KMC policies and medical staff bylaws). Sub-paragraph d is different: ensuring the Department ""[o]perates effectively and smoothly, and provides timely reports, provided adequate resources are provided"" uses three undefined measures and an escape condition (""adequate resources"") with no benchmark or decision-maker, so its boundary cannot be applied as written.","It shares responsibility with ""the laboratory manager(s)"" while Exhibit A Section 2.f makes the chairman the person who evaluates the laboratory manager, and the resources proviso implicitly depends on budget decisions made under Article II Section 2.C and Exhibit A Section 2.e. These are interlocking rather than contradictory.",1
610FSupp2d1129_144_pages,610 F.Supp.2d 1129,neg48,"Exhibit ""A"", 2. Administrative duties",NEGATIVE,not_risky,not_risky,0.19,0.19,"A long but concrete enumeration of administrative duties, each with an identifiable object (policies, quality programme, CAP proficiency surveys, budgets, evaluations, named committees, monthly meetings). The soft edges are ""other committees that may be assigned by the president of the medical staff"" and ""[c]ompletes clinical pathology and anatomic pathology service work as may be required,"" which are open but subordinate to a detailed list.","Committee membership on the Faculty Practice Board dovetails with Article II Section 2.E, and the professional-fee documentation duty pairs with Exhibit A Section 4.b and Article II Section 4. The volume of duties bears on the 48-versus-40 hour discrepancy but does not itself contradict a provision.",1
610FSupp2d1129_144_pages,610 F.Supp.2d 1129,neg49,"Exhibit ""A"", 3. Teaching duties",NEGATIVE,not_risky,not_risky,0.13,0.15,Three specific teaching duties with named conferences. Definite.,"Consistent with Article II Section 3.A(3), which treats teaching as a base-salary component, and with Article II Section 3.B's teaching criterion for step placement. No conflict.",1
610FSupp2d1129_144_pages,610 F.Supp.2d 1129,neg50,"Exhibit ""A"", 4. Patient care duties",NEGATIVE,not_risky,not_risky,0.15,0.16,"Two short duties: performing anatomic pathology services ""as assigned"" and documenting care consistent with CMS professional-fee billing requirements. ""As assigned"" is open but the assignor is identifiable from the reporting structure in the Exhibit's introduction.",The documentation duty supports the professional-fee billing machinery of Article II Section 4 and the compliance obligations of Article V Section 8. Nothing contradicts.,1
610FSupp2d1129_144_pages,610 F.Supp.2d 1129,neg51,"Exhibit ""A"", 5. Other duties",NEGATIVE,not_risky,not_risky,0.42,0.27,"This is the paradigm open catch-all: after four sections of carefully enumerated administrative, teaching and patient-care duties, ""Other duties as assigned by the chief executive officer or medical director"" has no stated subject-matter limit, no volume limit and no standard of reasonableness. Whether ejusdem generis confines it to duties of the kind enumerated, or whether it is genuinely at large, cannot be resolved from the text — precisely the general-versus-specific tension the standard targets.","It interacts with Exhibit A Section 6's 2112-hour objective and Article II Section 1's hours and fixed compensation (assigned duties expand work without adjusting pay, and Article II Section 1.C forbids compensation adjustment absent a written amendment), and with Article II Section 3.A(5)'s base-salary category for ""other activities approved by the CEO of KMC and the Faculty Practice Board"" — note that section requires Board approval as well, whereas this one allows unilateral assignment by the CEO or medical director. That mismatch in who may assign compensable other activities is a real but modest inconsistency.",1
610FSupp2d1129_144_pages,610 F.Supp.2d 1129,neg52,"Exhibit ""A"", 6. Standard workweek",NEGATIVE,not_risky,not_risky,0.2,0.42,"Numerically precise and internally coherent: 48 hours per week, variation permitted week to week, and an annual objective of 2112 worked hours (which is 48 hours across 44 weeks, leaving room for the paid leave granted in Article III). ""Objective"" is softer than ""requirement,"" but the figures are definite.","The 48-hour standard workweek contradicts Article II Section 1.A's definition of the same full-time obligation as ""no less than forty [40] hours per week"" measured against AMA survey data, and the compensation in Article II is fixed against that 40-hour formulation. Exhibit A is incorporated by Article I Section 2 and Article V Section 22, so the instrument fixes the same variable twice at different values with no priority clause resolving which controls; Article V Section 7's daily time-sheet requirement makes the discrepancy operationally live.",1
44FSupp3d736_affidavit_of_hecker_and,44 F.Supp.3d 736,pos1,"Liabilities and Claims for Commodities, para 9(b) (measure of loss — ""replacement value"")",POSITIVE,risky_cat1,risky_cat1,0.78,0.62,"The clause fixes the measure of cargo loss as ""the Shipper's replacement value,"" a term it does not define and which is reasonably susceptible to several readings: the Shipper's own cost to replace (manufacturing/replacement cost), the market or wholesale price at destination, or the invoice/sale price. The very next sentence then switches metrics, directing deduction of salvage ""from the invoice price,"" so the operative benchmark oscillates between ""replacement value"" and ""invoice price"" within three sentences. The final sentence (""some of the Commodities may be disposed of in a manner that will prevent the damaged goods from being sold"") is an acknowledgement of indeterminate legal effect — it neither eliminates the salvage deduction nor states when it is inapplicable. Named ambiguous terms: ""replacement value,"" ""invoice price,"" ""reasonable salvage value,"" ""released to Carrier.""","The paragraph is expressly a subpart (b) of a larger liability article, so it presupposes a subsection (a) fixing the basis and limits of Carrier's cargo liability (and any Carmack-style or dollar cap terms), yet it announces its own measure of loss without a cross-reference or a ""subject to"" qualifier. It also sits against the indemnification article, which carves the Commodities out of Carrier's indemnity (""but excluding the Commodities""), and against the compensation/limitation articles that fix billing and claim procedures — leaving unclear how a replacement-value cargo claim interacts with those. The reference to ""Shipper,"" a party defined in the recitals as a non-signatory principal of Customer, imports a valuation standard set by someone outside the contract, which is difficult to harmonise with the clause requiring Carrier to look exclusively to Customer and with Customer's role as the contracting counterparty.",1
44FSupp3d736_affidavit_of_hecker_and,44 F.Supp.3d 736,neg1,Preamble and Recitals,NEGATIVE,not_risky,not_risky,0.12,0.24,"Standard preamble and recitals: parties, dates, states of incorporation, and defined terms (""Commodities,"" ""Shipper,"" ""Services"") are introduced definitely. ""General commodities"" is broad but is expressly defined as the contract term, not left to construction.","The recitals characterise Carrier as a contract motor carrier and Customer as one who ""arranges for the transportation"" for underlying shippers; other provisions in this instrument twice refer to ""Broker"" (the scope-of-work paragraph and the compensation paragraph's ""contract Broker agreement"") and to Carrier's use of ""underlying carriers."" That creates some tension between the recital characterisation and the operative text, though it is a stray-word problem rather than a clear recital/operative contradiction.",1
44FSupp3d736_affidavit_of_hecker_and,44 F.Supp.3d 736,neg2,"1. Term, Renewal and Termination",NEGATIVE,not_risky,not_risky,0.22,0.18,"The sentence ""shall continue for a period of one year from the date of execution or unless earlier terminated"" is syntactically garbled (""or unless""), but its meaning — one year subject to 30 days' termination on notice — is recoverable and definite. Renewal, notice period and survival of accrued obligations are all stated.","It coexists with a separate default article permitting termination after a 30-day cure period; the two are cumulative rather than contradictory (one is with-or-without cause on notice, the other for uncured default). The ""except as otherwise provided in this Agreement"" carve-out points outward but is a standard saving clause, and the survivability article expressly preserves indemnities.",1
44FSupp3d736_affidavit_of_hecker_and,44 F.Supp.3d 736,neg3,2. Agreement Non-Exclusive,NEGATIVE,not_risky,not_risky,0.05,0.07,"Three short, unambiguous sentences establishing non-exclusivity in both directions. No vague standard, no catch-all.","Nothing in the text cross-references or qualifies another provision, and no other provision in the list purports to grant exclusivity.",1
44FSupp3d736_affidavit_of_hecker_and,44 F.Supp.3d 736,neg4,3. Scope of Work,NEGATIVE,not_risky,not_risky,0.34,0.42,"Mostly definite operating obligations, but the lead-in reads ""Broker agrees to provide the Services"" in an agreement whose only defined parties are ""Carrier"" and ""Customer"" — an undefined actor is made the promisor of the core obligation. Sub-paragraph (e) uses an open-ended list (""Special services such as ... and other similar services""), a classic general-catch-all-after-specifics formulation whose reach is uncertain, and (j) makes performance evaluation ""as designated by the Customer's representative and may be modified from time to time,"" a standard with no fixed content. Lettering also skips (g).","The stray ""Broker"" recurs in the compensation article (""purported to be a contract Broker agreement""), so the instrument is internally inconsistent about whether the counterparty is a carrier or a broker — a characterisation the recitals resolve one way and these clauses another. Sub-paragraphs (l)-(m) define ""pick up"" and ""delivery,"" but Exhibit A separately defines ""delivery"" as transport to the consignee's receiving location from Shipper's facilities, and Exhibit A Item 100 duplicates (k) verbatim; the entire-agreement article gives the Exhibits priority in conflict, so these duplicate definitions could displace the body's.",1
44FSupp3d736_affidavit_of_hecker_and,44 F.Supp.3d 736,neg5,4. Receipts and Bills of Lading,NEGATIVE,not_risky,not_risky,0.1,0.15,"Definite: who issues receipts, subordination of bill-of-lading terms, prima facie effect of signature, and the delivery-receipt requirement are all specified. ""In the form acceptable to Customer and the Shipper"" is open but is a procedural approval right, not an operative ambiguity.",It states a priority rule (this Agreement governs over bills of lading) that is repeated in the other-documents article; the two are consistent. The entire-agreement article's rule that Exhibits control over the Agreement is a different priority question and does not contradict this clause.,1
44FSupp3d736_affidavit_of_hecker_and,44 F.Supp.3d 736,neg6,5. Delivery Arrangements; Delays; Reconsignment,NEGATIVE,not_risky,not_risky,0.1,0.16,"Short procedural directions with definite triggers (""pickup or delivery problems that prevent the timely pickup or delivery""), notification means, and a consent requirement. ""Prior to Carrier accepting legal responsibility for the shipment"" is slightly imprecise as to timing but is not the operative allocation of risk.","It expressly defers to Exhibit A for reconsignment procedures and for refused/undelivered shipments, and Exhibit A does contain matching items (reconsignment/diversion; return of shipments). The cross-references are honoured rather than contradicted.",1
44FSupp3d736_affidavit_of_hecker_and,44 F.Supp.3d 736,neg7,6. Compensation and Billing,NEGATIVE,not_risky,not_risky,0.2,0.24,"Detailed and largely definite: rate source, amendment mechanics, 30-day payment, 180-day invoicing cut-off with forfeiture, and an express bar on unapproved accessorials. The phrase ""services outside the scope of this Agreement"" is somewhat elastic, and (c)'s ratification of acts ""pursuant to any prior contract ... which purported to be a contract Broker agreement"" is obscure, but neither is the operative term likely to be litigated as ambiguous.","(c) says the Exhibit A rates supersede all prior rates, while the entire-agreement article separately supersedes all prior agreements — consistent. The ""contract Broker agreement"" reference again sits oddly with the recitals' carrier characterisation and with the scope article's stray ""Broker,"" but this is a residue of a prior form rather than an operative conflict.",1
44FSupp3d736_affidavit_of_hecker_and,44 F.Supp.3d 736,neg8,7. Limitation on Actions for Charges and Fees,NEGATIVE,not_risky,not_risky,0.1,0.12,"Concrete deadlines (180 days to bill or contest; 18 months to sue) and a defined consequence for non-compliance. ""Prevailing party"" is a familiar, workable term.","It is confined by its heading and text to charges and fees, leaving cargo-loss claims to the liability article; nothing in it purports to govern cargo claims, so no overlap conflict is apparent from the text.",1
44FSupp3d736_affidavit_of_hecker_and,44 F.Supp.3d 736,neg9,8. Indemnification,NEGATIVE,not_risky,not_risky,0.16,0.18,"A conventional broad indemnity with an express carve-out for the Commodities and an express comparative carve-back for Customer's negligence (""except to the extent (but only to the extent)""). The parenthetical ""including, without limitation, Carrier's and Carrier's agents and Customer's employees"" is grammatically rough but its scope is intelligible.","The exclusion of ""the Commodities"" deliberately routes cargo damage to the separate liability article, so the two dovetail rather than clash; the survivability article expressly continues indemnities past termination.",1
44FSupp3d736_affidavit_of_hecker_and,44 F.Supp.3d 736,neg10,11. Safety Rating,NEGATIVE,not_risky,not_risky,0.14,0.22,"A warranty tied to an externally defined federal rating scheme, with the prohibited ratings named. ""Satisfactory,"" ""Conditional,"" ""Unsatisfactory"" are DOT terms of art, not vague.","It presupposes that Carrier may tender freight to ""underlying carriers,"" which fits the compliance article but sits awkwardly with the independent-contractor article's premise that Carrier itself controls the persons providing the Services and with the recitals' contract-carrier characterisation. The tension is thematic rather than a direct contradiction.",1
44FSupp3d736_affidavit_of_hecker_and,44 F.Supp.3d 736,neg11,12. Compliance with Laws,NEGATIVE,not_risky,not_risky,0.1,0.1,"Compliance covenant with named statutes and agencies and an ""including but not limited to"" list; the general obligation (comply with all applicable law) is independently definite, so the catch-all does not create scope uncertainty.",Notification duties dovetail with the notices article; nothing points to a conflicting provision.,1
44FSupp3d736_affidavit_of_hecker_and,44 F.Supp.3d 736,neg12,13. Notices,NEGATIVE,not_risky,not_risky,0.05,0.06,Purely mechanical: permitted delivery methods and specific addresses. Definite.,"Other provisions requiring written notice (termination, default, amendments) are served by this clause rather than contradicted by it.",1
44FSupp3d736_affidavit_of_hecker_and,44 F.Supp.3d 736,neg13,14. Survivability,NEGATIVE,not_risky,not_risky,0.14,0.16,"One sentence, definite in effect: Carrier's indemnities, warranties, guarantees and obligations survive. It is one-sided (only Carrier's obligations survive), but a one-sided allocation is not itself an ambiguity.","The term clause separately provides that termination does not release either party from obligations accruing before termination, so both parties' accrued obligations are preserved there; this clause adds forward survival for Carrier only. The two can be harmonised.",1
44FSupp3d736_affidavit_of_hecker_and,44 F.Supp.3d 736,neg14,15. Assignment of Agreement; Subsidiaries and Divisions,NEGATIVE,not_risky,not_risky,0.26,0.28,"The operative sentence contains a drafting error — ""shall not assign or transfer this Agreement in whole or in part or without the prior written consent"" — where the stray ""or"" could be read as an absolute bar on partial assignment. The proviso deeming ""Customer"" to include Exel's subsidiaries and divisions is clear.","A separate assignability article states the Agreement binds successors and assigns and that terms are unaffected by transfer or assignment from Customer to the underlying Shipper — an assignment this clause would otherwise require Carrier's consent for. That is a real, if modest, tension between two provisions in this instrument.",1
44FSupp3d736_affidavit_of_hecker_and,44 F.Supp.3d 736,neg15,16. Default,NEGATIVE,not_risky,not_risky,0.16,0.2,"Definite mechanics: written request, 30-day cure, then termination. ""Any default thereunder"" is broad but the concept of default under the Agreement is determinable from the substantive covenants.","It coexists with the term article's right to terminate on 30 days' notice with or without cause; the default remedy is cumulative and the two produce the same practical notice period, so no genuine inconsistency appears.",1
44FSupp3d736_affidavit_of_hecker_and,44 F.Supp.3d 736,neg16,17. Independent Contractor,NEGATIVE,not_risky,not_risky,0.1,0.14,Clear status declaration plus a specific tax/benefits indemnity naming the categories covered. Definite.,"The safety-rating and compliance articles contemplate Carrier using underlying carriers, which is compatible with independent-contractor status; nothing here contradicts another provision.",1
44FSupp3d736_affidavit_of_hecker_and,44 F.Supp.3d 736,neg17,18. Invalidity of Provisions,NEGATIVE,not_risky,not_risky,0.05,0.05,"Boilerplate severability, definite in operation.",Applies generally to the instrument and conflicts with nothing.,1
44FSupp3d736_affidavit_of_hecker_and,44 F.Supp.3d 736,neg18,19. Confidentiality of Information,NEGATIVE,not_risky,not_risky,0.16,0.12,"Defines the protected information by an enumerated list closing with ""and other details of Customer's business obtained by Carrier in connection with the performance of the Services"" — a catch-all after specifics whose outer boundary is soft, though the connective limitation (obtained in connection with the Services) tempers it. No survival term or exceptions are stated.","The survivability article carries Carrier's obligations past termination, which supplies the missing duration; nothing else in the list addresses confidentiality, so no conflict is visible.",1
44FSupp3d736_affidavit_of_hecker_and,44 F.Supp.3d 736,neg19,20. Applicable Law,NEGATIVE,not_risky,not_risky,0.24,0.1,"""The applicable laws of the United States OR the laws of the State of Ohio"" leaves the choice between federal and Ohio law unspecified rather than establishing a hierarchy, and the forum clause is likewise disjunctive without stating exclusivity. The transport context (federal transportation law overlaying state contract law) makes the disjunction workable, so the ambiguity is mild.",No other provision in the list purports to select law or forum; the limitation-of-actions article's 18-month suit period operates independently of the governing-law choice.,1
44FSupp3d736_affidavit_of_hecker_and,44 F.Supp.3d 736,neg20,21. Force Majeure,NEGATIVE,not_risky,not_risky,0.26,0.12,"""Acts of God or circumstances and/or conditions occurring without human intervention"" is an unusually narrow and imprecise formulation — it excludes strikes, war and government action by implication, and ""without human intervention"" is a boundary that will be hard to apply. The money carve-out is clear.","Nothing in the clause cross-references another provision, and no other provision in the list allocates excuse for non-performance.",1
44FSupp3d736_affidavit_of_hecker_and,44 F.Supp.3d 736,neg21,22. Other Documents; Audit,NEGATIVE,not_risky,not_risky,0.14,0.36,"A clear priority rule: ancillary documents and tariffs are subordinate to the Agreement, with a stated conflict-resolution direction, plus a definite audit right and a two-year post-termination window.","It declares that this Agreement's provisions govern conflicts, while the entire-agreement article provides that where the Exhibits and Schedules conflict with the Agreement, the Exhibits control. The two priority rules point in opposite directions for Exhibit A material (this clause treats the Agreement and the Exhibits together as governing, the other subordinates the Agreement to them), and Exhibit A does contain terms — e.g. its own definition of ""delivery"" — that differ from the body.",1
44FSupp3d736_affidavit_of_hecker_and,44 F.Supp.3d 736,neg22,23. Assignability of Contract,NEGATIVE,not_risky,not_risky,0.16,0.28,"Two definite sentences: successors and assigns are bound, and a transfer or assignment from Customer to its underlying Shipper does not alter the terms. ""Affected, modified, altered, or changed"" is a synonym string, not an ambiguity.","The assignment article forbids either party from assigning or transferring the Agreement in whole or in part without the other's prior written consent, whereas this clause contemplates and validates an assignment from Customer to the Shipper without mentioning consent. That is a nameable tension between two operative provisions in the same instrument.",1
44FSupp3d736_affidavit_of_hecker_and,44 F.Supp.3d 736,neg23,24. Entire Agreement,NEGATIVE,not_risky,not_risky,0.18,0.44,"Standard integration language, definite on its face; the order-of-precedence sentence is a clear statement (Exhibits and Schedules control over the Agreement).","That precedence rule is the mirror image of the other-documents article, which provides that in a conflict the terms of this Agreement govern and that any conflict between the Agreement and a referenced tariff is resolved in favour of the Agreement; the receipts article likewise subordinates conflicting documents to the Agreement. Because Exhibit A contains substantive terms that differ from the body (for example its own definition of ""delivery"" and its no-detention deeming rule for dropped trailers), the competing precedence rules produce a genuine whole-instrument inconsistency.",1
44FSupp3d736_affidavit_of_hecker_and,44 F.Supp.3d 736,neg24,"Exhibit A, Item 100 – Appointment Notification",NEGATIVE,not_risky,not_risky,0.08,0.16,"Two short, definite statements: no appointment-related charges, and scheduling may be by phone or fax.","It duplicates verbatim a sub-paragraph of the scope-of-work article; identical duplication is harmless, but it illustrates the overlap between the body and Exhibit A that the competing precedence clauses govern.",1
44FSupp3d736_affidavit_of_hecker_and,44 F.Supp.3d 736,neg25,"Exhibit A, Item 120 – Detention With Power",NEGATIVE,not_risky,not_risky,0.16,0.14,"Rate, free period, exclusion for early/late arrival, and a stated maximum are all quantified. The trailing ""$/hour paid in 15 minute increments"" is a fragment but is consistent with the $65 hourly rate above it.","It coexists with the free-time provision in the base-rates item (two hours free for unloading with power), which matches the two-hour threshold here rather than contradicting it.",1
44FSupp3d736_affidavit_of_hecker_and,44 F.Supp.3d 736,neg26,"Exhibit A, Item 130 – Storage – OTR Shipments",NEGATIVE,not_risky,not_risky,0.14,0.18,"Quantified free time, quantified daily charge, and an express weekend carve-out. ""Charges may be assessed"" is permissive rather than mandatory, a minor softness only.","It sits alongside the trailer-placement item, which deems dropped trailers to be for Carrier's sole convenience and not subject to detention or demurrage; the two address different fact patterns (Shipper-required holding versus Carrier drop-off), so they can be harmonised, though the boundary is not drawn explicitly.",1
44FSupp3d736_affidavit_of_hecker_and,44 F.Supp.3d 736,neg27,"Exhibit A, Item 140 – Exclusive Use of Vehicle",NEGATIVE,not_risky,not_risky,0.08,0.12,A single definite entitlement with a single stated exception requiring a written request.,"It is consistent with the body's prohibition on commingling TL freight without Customer's prior written consent; the exception mechanisms differ slightly in who may waive (Shipper here, Customer in the body), but both require a writing.",1
44FSupp3d736_affidavit_of_hecker_and,44 F.Supp.3d 736,neg28,"Exhibit A, Item 170 – Labor - Driver Loading or Unloading",NEGATIVE,not_risky,not_risky,0.14,0.1,"Rate, minimum and maximum are quantified. ""Sort and segregate"" is a trade term with settled meaning in transportation practice.","It complements the lumper item, which covers hired laborers rather than driver labor; no conflict is apparent.",1
44FSupp3d736_affidavit_of_hecker_and,44 F.Supp.3d 736,neg29,"Exhibit A, Item 180 – Layover",NEGATIVE,not_risky,not_risky,0.4,0.26,"The operative charge is left blank: ""Rate per day for detention in excess of six hours"" states no dollar amount, so the item announces a charge without fixing it. The trigger is also imprecise — the first sentence conditions the charge on the driver being ""detained overnight,"" while the second measures it by ""detention in excess of six hours,"" two different thresholds within the same item.","The six-hour measure also sits against the detention-with-power item, which starts at two hours and caps at $390; without a stated layover rate it is unclear whether layover displaces or stacks on detention. The compensation article's rule that the Exhibit A charges are the sole charges Customer will pay makes the blank consequential.",1
44FSupp3d736_affidavit_of_hecker_and,44 F.Supp.3d 736,neg30,"Exhibit A, Item 190 – Pick Up or Delivery",NEGATIVE,not_risky,not_risky,0.08,0.14,"Defines what the base rate includes and the placement obligations at loading and unloading in plain terms. ""During business hours at one site"" is a definite limitation.","It overlaps with the base-rates item, which restates the one-pickup/one-delivery inclusion; the restatements are consistent, and the stops-in-transit item prices additional stops.",1
44FSupp3d736_affidavit_of_hecker_and,44 F.Supp.3d 736,neg31,"Exhibit A, Item 200 – Provisions Included in Base Rates",NEGATIVE,not_risky,not_risky,0.34,0.34,"Several sub-items are indeterminate on their face: item 11 (""Single shipment charge."") and item 12 (""Inspection charge."") name charges without rate, trigger or payer, and sub-paragraph 3 is grammatically broken (""has ever been used for without sufficient cleaning""), closing with an ejusdem-generis catch-all (""or other similar items"") after a long specific list. Sub-paragraph 2 makes cleanliness ""the Shipper's sole judgement,"" an unreviewable standard.","Its definition of ""delivery"" (transport to the consignee's receiving location from the Shipper's facilities) differs from the body's definition (transport to the consignee's door or job site), and the entire-agreement article gives the Exhibits priority over the Agreement, so the differing definitions cannot simply be read as surplusage. Sub-paragraph 2 also confers rejection judgment on the Shipper, whereas the body's equipment-condition provision gives rejection rights to Customer.",1
44FSupp3d736_affidavit_of_hecker_and,44 F.Supp.3d 736,neg32,"Exhibit A, Item 210 – Rate Base for Mileage Calculation Applications",NEGATIVE,not_risky,not_risky,0.14,0.22,"A specific mileage source is named, with a version rule (""the version of which is in effect for Exel at time of tendering"") that makes the reference determinable at any point in time.","The out-of-route item names a fixed version instead (""PC Miler 2000, V16 (Practical Miles)""), which does not match this floating-version rule; that is a small but nameable inconsistency across Exhibit A items.",1
44FSupp3d736_affidavit_of_hecker_and,44 F.Supp.3d 736,neg33,"Exhibit A, Item 220 – Re-consignments and/or Diversion",NEGATIVE,not_risky,not_risky,0.1,0.1,"Fixed fee, a definition of when a shipment counts as reconsigned (before or after attempted delivery), and a named mileage source. Definite.","It implements the body's reconsignment provision, which expressly defers to Exhibit A procedures; the cross-reference is satisfied.",1
44FSupp3d736_affidavit_of_hecker_and,44 F.Supp.3d 736,neg34,"Exhibit A, Item 230 – Return of Shipments",NEGATIVE,not_risky,not_risky,0.18,0.3,"""Reasons beyond control of the carrier"" is a familiar standard, and the return obligation is definite; the softness is in the referenced rate rather than in the wording itself.","It fixes the applicable rate by reference to ""Schedule B herein,"" a document not otherwise identified in the material available; and the body provides that refused or undelivered shipments ""shall be as set forth in Exhibit A,"" so this item bears the whole weight of that cross-reference while itself pointing elsewhere.",1
44FSupp3d736_affidavit_of_hecker_and,44 F.Supp.3d 736,neg35,"Exhibit A, Item 240 – Stops in Transit",NEGATIVE,not_risky,not_risky,0.12,0.12,"Quantified per-stop charges, a stated maximum number of stops, and a rule for additional line-haul miles. Definite.",Consistent with the body's obligation to stop in transit at Customer's request and with the base-rates item's one-pickup/one-delivery inclusion.,1
44FSupp3d736_affidavit_of_hecker_and,44 F.Supp.3d 736,neg36,"Exhibit A, Item 250 – Expedited Team Service",NEGATIVE,not_risky,not_risky,0.1,0.1,A single quantified surcharge with a stated trigger. Definite.,Fits the body's undertaking to provide special services such as short-notice pickup and delivery; nothing points to a conflict.,1
44FSupp3d736_affidavit_of_hecker_and,44 F.Supp.3d 736,neg37,"Exhibit A, Item 260 – Trailer Placement for Loading",NEGATIVE,not_risky,not_risky,0.18,0.3,"The deeming language (""Notwithstanding consignor's consent, each such delivery or drop-off shall be deemed to be for the sole convenience of Carrier"") is definite in effect, and the consequence — no detention or demurrage — is clearly stated. ""Demurrage"" is a trade term of settled meaning.","The ""notwithstanding"" formulation itself signals an override, and it must be squared with the storage item, which permits charges of $40 per day for trailers held after two free days, and with the detention item's hourly charges. Which item governs a dropped-and-held trailer is not expressly resolved.",1
44FSupp3d736_affidavit_of_hecker_and,44 F.Supp.3d 736,neg38,"Exhibit A, Item 270 – Truck Ordered Not Used",NEGATIVE,not_risky,not_risky,0.14,0.1,"A quantified minimum charge with two clearly stated exceptions (eight hours' cancellation notice; substitute load). ""$250.00 minimum charge"" without a stated maximum is a pricing choice, not an ambiguity.","Nothing in the item cross-references another provision, and no other item in the list prices a cancelled pickup.",1
44FSupp3d736_affidavit_of_hecker_and,44 F.Supp.3d 736,neg39,"Exhibit A, Item 280 – Out of Route Miles",NEGATIVE,not_risky,not_risky,0.36,0.32,"The operative rate is missing: ""Charge per mile for any out-of-route miles"" states no amount, so the item defines a concept without pricing it. The definition of out-of-route miles is, by contrast, precise.","It fixes the mileage source as ""PC Miler 2000, V16 (Practical Miles)"" while the dedicated mileage item fixes it as the PC Miler version ""in effect for Exel at time of tendering"" — two different rules for the same computation. The compensation article's statement that the Exhibit A charges are the sole charges payable makes the blank rate consequential.",1
44FSupp3d736_affidavit_of_hecker_and,44 F.Supp.3d 736,neg40,"Exhibit A, Item 290 – Lumper Charges",NEGATIVE,not_risky,not_risky,0.14,0.14,"Defines ""lumper,"" states pass-through at actual cost, and prescribes receipt documentation. ""Required to hire"" is mildly open but workable.",Reimbursement at actual cost is compatible with the compensation article's requirement that unloading/lumping receipts accompany the invoice; that article's bar on unapproved accessorial charges is satisfied because this item is itself a pre-approved Exhibit A charge.,1
44FSupp3d736_affidavit_of_hecker_and,44 F.Supp.3d 736,neg41,"Exhibit A, Item 300 – Redelivery",NEGATIVE,not_risky,not_risky,0.24,0.24,"""Deemed as the cause for the consignee inability to unload"" is grammatically incomplete and leaves the deeming agent unnamed; the item is also purely negative — it says when no redelivery charge applies without ever establishing a redelivery charge or its amount.","Because no other item in Exhibit A sets a redelivery charge, this exception has no stated counterpart to operate on, and the compensation article bars charges not approved in advance — so the item's implicit premise that a redelivery charge otherwise exists is not supported elsewhere in the visible text.",1
44FSupp3d736_affidavit_of_hecker_and,44 F.Supp.3d 736,neg42,"Exhibit A, Item 310 – Per Diem - Intermodal Only",NEGATIVE,not_risky,not_risky,0.14,0.1,"Detailed and quantified: rate per day, definitions of free time at origin and destination, and explicit weekend rules keyed to the pickup or notify day. Definite despite its complexity.","Cross-referenced by the intermodal storage item, which adopts the same free-time schedule; the two are consistent.",1
44FSupp3d736_affidavit_of_hecker_and,44 F.Supp.3d 736,neg43,"Exhibit A, Item 320 – Intermodal Storage",NEGATIVE,not_risky,not_risky,0.12,0.14,"Quantified free time and daily rate, with the free-time computation imported by express cross-reference. Definite.","It expressly incorporates the per-diem item's free-time schedule, and that item supplies the rules; the only softness is that the per-diem schedule is keyed to rail equipment, which may not map cleanly onto every storage scenario.",1
226FSupp3d743_exhibit_b,226 F.Supp.3d 743,pos1,"Royalties, Quantity and Payments \u2014 Section 2(b) (projected manufacturing quantities)",POSITIVE,risky_cat2,risky_cat1,0.62,0.6,"The operative verb is 'projects', which is forecast language, yet it is coupled with the mandatory-sounding floor 'at least 225,000 units'. The sentence is genuinely susceptible to two readings: a non-binding sales/production estimate, or a covenant to manufacture stated minimum quantities. Neither 'projects' nor any consequence of falling short is defined here, and the clause contains no 'shall' obligation, no cure, and no remedy, so its boundary as promise-versus-prediction cannot be fixed from its own words.","The clause sits in the same Section 2 that (per the cross-references in Section 5(d)) contains monthly payments under 2(d) and minimum-quantity mechanics under 2(e)-(f) which are switched off so that Licensee 'simply pay[s] ... the royalty rate ... with no minimum quantities required' — confirming that minimum quantities are fixed somewhere in Section 2. Whether that minimum is this projection or a separate figure is left open. It also stands against Section 14(g), which disclaims any representation about sales activity and gives Licensee sole discretion to devote 'as little (or none)' effort, and against Section 4(c)'s 275,000-unit aggregate cap on open orders, a figure far below the projected three-year volumes. That is a nameable tension with identified other provisions.",1
226FSupp3d743_exhibit_b,226 F.Supp.3d 743,pos2,"Royalties, Quantity and Payments \u2014 Section 2(i) (Best Efforts Provision)",POSITIVE,risky_cat2,risky_cat2,0.58,0.78,"'Good faith, best efforts' is a classic vague standard with no metric, benchmark or cross-reference supplied; 'best efforts' and 'good faith' are also different standards stacked together without indicating which governs. 'All Products manufactured' likewise leaves unclear whether it reaches units made by Licensee's third-party manufacturers. The obligation's boundary cannot be applied from the text alone.","Section 14(g) in this same list states that Licensee 'makes no guarantees, representations, warranties, or promises regarding its sales activity of the Product and shall in its sole discretion devote as much or as little (or none) of its time and resources to selling the Product.' That is the direct negation of a best-efforts covenant to market and sell all Products. The two cannot both be given full effect, and neither contains a 'notwithstanding' or priority carve-out to resolve the clash; Section 13's integration clause makes the conflict internal rather than curable by extrinsic understanding.",1
226FSupp3d743_exhibit_b,226 F.Supp.3d 743,pos3,Miscellaneous \u2014 Section 14(g) (Discretionary Clause),POSITIVE,risky_cat2,risky_cat2,0.42,0.8,"Standing alone the wording is fairly emphatic and definite — a blanket disclaimer plus 'sole discretion' with the parenthetical '(or none)' removing any floor. The only softness is the reach of 'its sales activity of the Product', which arguably sweeps in marketing, minimum volumes and royalty-generating conduct alike, a breadth that is unusual for a 'Miscellaneous' subsection and is one-sided in Licensee's favour. That is a modest, not a strong, intrinsic ambiguity.","This clause is irreconcilable on its face with Section 2(i)'s covenant to 'use good faith, best efforts to market and sell all Products manufactured', and it undercuts Section 2(b)'s projected/minimum manufacturing volumes and the minimum-quantity payment machinery referred to in Section 5(d). A disclaimer of all promises about sales, buried in Miscellaneous, against an express Section 2 performance covenant is precisely the whole-instrument incoherence that requires a court to subordinate one clause to the other.",1
226FSupp3d743_exhibit_b,226 F.Supp.3d 743,neg1,Preamble,NEGATIVE,not_risky,not_risky,0.04,0.06,"A conventional preamble identifying two named entities, their addresses, and defined roles. No vague or double-meaning term; 'Effective Date' is expressly a defined term used as such.","It relies on 'Effective Date', which Section 1(a) defines as the date of execution by both parties, so the cross-reference is satisfied within the instrument. Nothing points outward to a conflict.",1
226FSupp3d743_exhibit_b,226 F.Supp.3d 743,neg2,1. Definitions,NEGATIVE,not_risky,not_risky,0.24,0.22,"Mostly precise, with dated and mechanical definitions. Two small soft spots: the Year definitions overlap by a day (the Second Year 'beginning on the last day of the month falling 12 months after' is the same day the First Year ends, and likewise for the Third Year), and 'Product' is defined by reference both to the Patent description and to an extrinsic 'product design known as the Huber Safety Infusion Set provided to Licensee by Licensor', with the limiter 'only includes devices that would infringe the Patent' doing the real scoping work. These are minor rather than genuinely indeterminate.","The defined Years run from the Validation Date, while Section 9(a) fixes the term at three years from the Effective Date; since the Validation Date can be as late as June 1, 2012 and depends on manufacturer delivery, the defined Third Year can extend past the contractual term. That is a real but limited mismatch with an identified provision. 'Termination Date' is defined circularly but is used operatively in Section 5(d).",1
226FSupp3d743_exhibit_b,226 F.Supp.3d 743,neg3,3. Rights,NEGATIVE,not_risky,not_risky,0.34,0.24,"The grant is otherwise precise (non-exclusive, non-assignable, field and territory stated), but the sentence 'Licensee's manufacturers so identified may manufacture Products for Licenser, but exclusively for Licensee' contains an internal contradiction — 'for Licenser' against 'exclusively for Licensee' — which is apparently a scrivener's slip yet leaves the beneficiary of the manufacturing right textually uncertain. Section 3(b) also speaks of Products 'purchased by Licensee' although the grant is to manufacture them, a further looseness.","Section 16 repeats and clarifies the manufacturer authorisation ('exclusively for Licensee'), which largely harmonises the slip, and Section 11's assignment bar matches 'non-assignable'. Section 3(c)'s sublicense recital is consistent with Sections 6 and 16. Nothing squarely contradicts another operative provision.",1
226FSupp3d743_exhibit_b,226 F.Supp.3d 743,neg4,4. Representations,NEGATIVE,not_risky,not_risky,0.27,0.24,"Largely definite (90-day notice, guarantee of open orders), but the bracketed insertion '[up to a maximum of 275,000 units in the aggregate]' reads as unfinalised drafting, and 'guarantee that all open orders ... will be permitted' is loose as to who is bound after a transfer to a third party. The bracket is the nameable weakness.","The 275,000-unit aggregate cap sits oddly beside Section 2(b)'s projected 812,500 units over three years, though the two address different things (protected open orders versus projected volume). Section 6's undertaking to keep Raul Garcia maintaining the Patent and Section 3(c)'s sublicense structure are consistent with a transfer-notice provision. Only a mild outward tension.",1
226FSupp3d743_exhibit_b,226 F.Supp.3d 743,neg5,5. Indemnifications,NEGATIVE,not_risky,risky_cat1,0.5,0.38,"Subsection (b) obliges Licensee to indemnify Licensors for third-party claims 'arising from Licensors material breach of this Agreement' — the same trigger as (a). As written the mutual indemnity is not mutual at all: Licensee indemnifies the Licensor for the Licensor's own breach. Either it is read literally (an absurd, one-sided result) or reformed to read 'Licensee's', so the operative word 'Licensors' in (b) genuinely carries two readings. Subsection (c)'s 'comparative, based upon the respective fault of the parties' presupposes the corrected reading, sharpening the defect.","Subsection (c) contemplates 'a situation where both indemnification obligations apply', which can only occur if (b) is triggered by Licensee's breach, so (b) as written cannot be harmonised with (c). Subsection (d) also switches off Sections 2(d), (e) and (f) and reverts to the 2(a) royalty 'with no minimum quantities required', which presupposes minimum-quantity obligations in Section 2 whose location is uncertain given 2(b)'s merely 'projected' figures.",1
226FSupp3d743_exhibit_b,226 F.Supp.3d 743,neg6,6. Patent Maintenance,NEGATIVE,not_risky,not_risky,0.16,0.12,"'All customary actions needed to maintain the validity of the Patent' is a standard-of-conduct phrase, but it is immediately illustrated by concrete examples (maintenance fees, defending reexaminations) and the catch-all 'any other action needed to maintain the validity and enforceability' is coextensive with the stated purpose, so the ejusdem generis risk is small.","It presupposes Raul Garcia's ownership, which Sections 3(c) and 16 expressly establish; the obligation to 'cause Raul Garcia to take' action is consistent with the sublicense structure. Nothing contradicts another provision.",1
226FSupp3d743_exhibit_b,226 F.Supp.3d 743,neg7,7. Third party Infringements of the Patent,NEGATIVE,not_risky,not_risky,0.08,0.08,"A single, short notification duty with a definite trigger ('known to Licensee') and a definite act ('promptly notify'). No competing meanings.",It allocates no enforcement rights and does not cross-reference other sections; nothing in it points to a conflict.,1
226FSupp3d743_exhibit_b,226 F.Supp.3d 743,neg8,8. New Product,NEGATIVE,not_risky,not_risky,0.3,0.24,"Subsection (b) is arithmetically odd: 'each of the 510k or CE approval files ... for $15,000.00 each, for a total not to exceed $60,000.00' implies up to four files, but only two categories are named, leaving the number of purchasable files uncertain. Subsection (a) is otherwise definite because it is limited to products that 'would infringe any claim of the Patent'.","The post-termination purchase option in (b) sits against Section 9(b)'s statement that upon termination 'all rights and obligations set forth in this Agreement have terminated', a survival tension it shares with Sections 9(d) and 17(a); but 9(b) can be read as terminating licence rights only, so the conflict is arguable rather than plain.",1
226FSupp3d743_exhibit_b,226 F.Supp.3d 743,neg9,9. Term,NEGATIVE,not_risky,not_risky,0.25,0.47,"Subsections (a)-(c) are definite. Subsection (d)'s price formula — 'at their value, calculated by the original purchase price therefore, depreciated with an equal amortization over the Term' — is self-contradictory in wording ('value' versus a fixed depreciation formula) and does not say who bears cost or timing, a modest vagueness.","Subsection (b) declares that on termination 'all rights and obligations set forth in this Agreement have terminated', yet Section 17(a) preserves audit rights 'for a period of three (3) years after the termination', Section 8(b) grants a purchase option exercisable 'upon termination', and Section 9(d) itself creates a post-termination option. There is no survival clause carve-out, so 9(b) cannot be squared with those provisions as written. In addition the three-year term runs from the Effective Date while Sections 1(g)-(j) key the First/Second/Third Years to the Validation Date, which can be materially later.",1
226FSupp3d743_exhibit_b,226 F.Supp.3d 743,neg10,10. Choice of Jurisdiction,NEGATIVE,not_risky,not_risky,0.12,0.1,"Short and definite: both parties consent to jurisdiction and venue in Delaware. It does not specify a choice of substantive law despite the heading, but the operative text it does contain is unambiguous.","No other provision in the list addresses forum or governing law, so nothing contradicts it; that neither party is located in Delaware is a commercial oddity, not an internal inconsistency.",1
226FSupp3d743_exhibit_b,226 F.Supp.3d 743,neg11,11. Assignment,NEGATIVE,not_risky,not_risky,0.14,0.16,"Definite bar on assignment with an express proviso for assigning royalty receipts. 'Without permission of the other party' does not say the permission must be written or not unreasonably withheld, a small gap but not an ambiguity of meaning.",It aligns with Section 3(a)'s 'non-assignable' licence and with Section 4(c)'s contemplation of a Patent transfer by Licensor. Section 12's bankruptcy provision refusing consent to transfer is consistent. No identified conflict.,1
226FSupp3d743_exhibit_b,226 F.Supp.3d 743,neg12,12. Bankruptcy,NEGATIVE,not_risky,not_risky,0.12,0.14,"A narrow, statutorily anchored reservation of § 365(n) rights with a specific cross-reference to the Section 3 grant. Definite.","It expressly cross-references Section 3, which does grant the rights referred to, and does not conflict with Section 11's assignment bar. Nothing points outward to inconsistency.",1
226FSupp3d743_exhibit_b,226 F.Supp.3d 743,neg13,13. Entire Agreement,NEGATIVE,not_risky,not_risky,0.1,0.16,"Standard integration, written-modification and severability language; each element is definite.","An integration clause bears on the Section 2(i) / Section 14(g) clash by confining the court to the four corners, but it does not itself contradict any provision; Section 9(c)'s written extension requirement is consistent with the written-modification requirement.",1
226FSupp3d743_exhibit_b,226 F.Supp.3d 743,neg14,15. Notices and Opportunity to Cure,NEGATIVE,not_risky,not_risky,0.2,0.16,"The cure periods are precise. The notice mechanics are loose: two addresses are listed in a block without identifying which belongs to which party or specifying a method or deemed-receipt rule, but the addresses match the parties named in the preamble, so meaning is recoverable.","The addresses correspond exactly to those in the Preamble, and no other provision fixes a different notice regime. Section 5's indemnity and Section 9's termination provisions do not specify competing cure periods.",1
226FSupp3d743_exhibit_b,226 F.Supp.3d 743,neg15,16. Intellectual Property,NEGATIVE,not_risky,not_risky,0.16,0.14,"Definite acknowledgement of ownership plus a non-infringement covenant, with an express carve-out for Licensee's manufacturers. 'Otherwise interfere with the IP Rights' is a general catch-all after specific prohibitions, but its reach is bounded by the surrounding infringement context.","It confirms and cleans up the manufacturer authorisation in Section 3(a) (repairing the 'for Licenser' slip by saying 'exclusively for Licensee'), and is consistent with Sections 3(c) and 6 on Raul Garcia's ownership. No conflict identified.",1
226FSupp3d743_exhibit_b,226 F.Supp.3d 743,neg16,17. Records/Audits,NEGATIVE,not_risky,not_risky,0.3,0.28,"Detailed and mostly precise (three business days' notice, 5% threshold, three-year post-termination window). One nameable slip: subsection (b) measures the extra audit right by a shortfall 'of the amounts due Licensee', whereas subsection (a) measures the same 5% threshold by 'amounts due to Licenser' — the party benefiting from the trigger is stated inconsistently within the same section. 'Reasonable inquiries' and a 'confidentiality agreement reasonably proposed' are ordinary reasonableness standards, not defects.","The three-year post-termination audit right cannot easily be squared with Section 9(b)'s statement that on termination 'all rights and obligations set forth in this Agreement have terminated', since there is no survival clause; that is a nameable tension with an identified provision, though a court would likely harmonise by reading 9(b) as directed at licence rights.",1
